0 verbose cli /usr/bin/node /usr/bin/npm
1 info using npm@10.8.2
2 info using node@v20.20.2
3 silly config load:file:/usr/lib/node_modules/npm/npmrc
4 silly config load:file:/home/user/.npmrc
5 silly config load:file:/usr/etc/npmrc
6 verbose title npm install
7 verbose argv "install" "--legacy-peer-deps"
8 verbose logfile logs-max:10 dir:/home/user/.npm/_logs/2026-08-08T12_49_17_307Z-
9 verbose logfile /home/user/.npm/_logs/2026-08-08T12_49_17_307Z-debug-0.log
10 silly packumentCache heap:998768640 maxSize:249692160 maxEntrySize:124846080
11 silly logfile done cleaning log files
12 silly idealTree buildDeps
13 silly fetch manifest dotenv@^16.4.7
14 silly packumentCache full:https://registry.npmjs.org/dotenv cache-miss
15 http fetch GET 200 https://registry.npmjs.org/dotenv 18ms (cache hit)
16 silly packumentCache full:https://registry.npmjs.org/dotenv set size:277802 disposed:false
17 silly fetch manifest express@^4.21.2
18 silly packumentCache full:https://registry.npmjs.org/express cache-miss
19 http fetch GET 200 https://registry.npmjs.org/express 6ms (cache hit)
20 silly packumentCache full:https://registry.npmjs.org/express set size:804956 disposed:false
21 silly fetch manifest framer-motion@^12.4.7
22 silly packumentCache full:https://registry.npmjs.org/framer-motion cache-miss
23 http fetch GET 200 https://registry.npmjs.org/framer-motion 27ms (cache hit)
24 silly packumentCache full:https://registry.npmjs.org/framer-motion set size:10039923 disposed:false
25 silly fetch manifest lucide-react@^0.475.0
26 silly packumentCache full:https://registry.npmjs.org/lucide-react cache-miss
27 http fetch GET 200 https://registry.npmjs.org/lucide-react 16ms (cache hit)
28 silly packumentCache full:https://registry.npmjs.org/lucide-react set size:2309362 disposed:false
29 silly fetch manifest multer@^1.4.5-lts.1
30 silly packumentCache full:https://registry.npmjs.org/multer cache-miss
31 http fetch GET 200 https://registry.npmjs.org/multer 3ms (cache hit)
32 silly packumentCache full:https://registry.npmjs.org/multer set size:156441 disposed:false
33 silly fetch manifest @types/multer@^1.4.12
34 silly packumentCache full:https://registry.npmjs.org/@types%2fmulter cache-miss
35 http fetch GET 200 https://registry.npmjs.org/@types%2fmulter 3ms (cache hit)
36 silly packumentCache full:https://registry.npmjs.org/@types%2fmulter set size:87954 disposed:false
37 silly fetch manifest @types/node@^22.13.4
38 silly packumentCache full:https://registry.npmjs.org/@types%2fnode cache-miss
39 http fetch GET 200 https://registry.npmjs.org/@types%2fnode 25ms (cache hit)
40 silly packumentCache full:https://registry.npmjs.org/@types%2fnode set size:11088606 disposed:false
41 silly fetch manifest @vitejs/plugin-react@^4.3.4
42 silly packumentCache full:https://registry.npmjs.org/@vitejs%2fplugin-react cache-miss
43 http fetch GET 200 https://registry.npmjs.org/@vitejs%2fplugin-react 11ms (cache hit)
44 silly packumentCache full:https://registry.npmjs.org/@vitejs%2fplugin-react set size:276693 disposed:false
45 silly fetch manifest typescript@^5.7.3
46 silly packumentCache full:https://registry.npmjs.org/typescript cache-miss
47 http fetch GET 200 https://registry.npmjs.org/typescript 35ms (cache hit)
48 silly packumentCache full:https://registry.npmjs.org/typescript set size:15530697 disposed:false
49 silly placeDep ROOT @types/multer@1.4.13 REPLACE for: impactos@1.0.0 want: ^1.4.12
50 silly placeDep ROOT @types/node@22.20.1 REPLACE for: impactos@1.0.0 want: ^22.13.4
51 silly placeDep ROOT @vitejs/plugin-react@4.7.0 REPLACE for: impactos@1.0.0 want: ^4.3.4
52 silly placeDep ROOT dotenv@16.6.1 REPLACE for: impactos@1.0.0 want: ^16.4.7
53 silly placeDep ROOT express@4.22.2 REPLACE for: impactos@1.0.0 want: ^4.21.2
54 silly placeDep ROOT framer-motion@12.43.0 REPLACE for: impactos@1.0.0 want: ^12.4.7
55 silly placeDep ROOT lucide-react@0.475.0 REPLACE for: impactos@1.0.0 want: ^0.475.0
56 silly placeDep ROOT multer@1.4.5-lts.2 REPLACE for: impactos@1.0.0 want: ^1.4.5-lts.1
57 silly placeDep ROOT typescript@5.9.3 REPLACE for: impactos@1.0.0 want: ^5.7.3
58 silly fetch manifest undici-types@~6.21.0
59 silly packumentCache full:https://registry.npmjs.org/undici-types cache-miss
60 http fetch GET 200 https://registry.npmjs.org/undici-types 4ms (cache hit)
61 silly packumentCache full:https://registry.npmjs.org/undici-types set size:250438 disposed:false
62 silly fetch manifest @babel/core@^7.28.0
63 silly packumentCache full:https://registry.npmjs.org/@babel%2fcore cache-miss
64 http fetch GET 200 https://registry.npmjs.org/@babel%2fcore 4ms (cache hit)
65 silly packumentCache full:https://registry.npmjs.org/@babel%2fcore set size:788273 disposed:false
66 silly fetch manifest react-refresh@^0.17.0
67 silly packumentCache full:https://registry.npmjs.org/react-refresh cache-miss
68 http fetch GET 200 https://registry.npmjs.org/react-refresh 17ms (cache hit)
69 silly packumentCache full:https://registry.npmjs.org/react-refresh set size:6525077 disposed:false
70 silly fetch manifest @types/babel__core@^7.20.5
71 silly packumentCache full:https://registry.npmjs.org/@types%2fbabel__core cache-miss
72 http fetch GET 200 https://registry.npmjs.org/@types%2fbabel__core 11ms (cache hit)
73 silly packumentCache full:https://registry.npmjs.org/@types%2fbabel__core set size:88676 disposed:false
74 silly fetch manifest @rolldown/pluginutils@1.0.0-beta.27
75 silly packumentCache full:https://registry.npmjs.org/@rolldown%2fpluginutils cache-miss
76 http fetch GET 200 https://registry.npmjs.org/@rolldown%2fpluginutils 3ms (cache hit)
77 silly packumentCache full:https://registry.npmjs.org/@rolldown%2fpluginutils set size:300388 disposed:false
78 silly fetch manifest @babel/plugin-transform-react-jsx-self@^7.27.1
79 silly packumentCache full:https://registry.npmjs.org/@babel%2fplugin-transform-react-jsx-self cache-miss
80 http fetch GET 200 https://registry.npmjs.org/@babel%2fplugin-transform-react-jsx-self 3ms (cache hit)
81 silly packumentCache full:https://registry.npmjs.org/@babel%2fplugin-transform-react-jsx-self set size:200274 disposed:false
82 silly fetch manifest @babel/plugin-transform-react-jsx-source@^7.27.1
83 silly packumentCache full:https://registry.npmjs.org/@babel%2fplugin-transform-react-jsx-source cache-miss
84 http fetch GET 200 https://registry.npmjs.org/@babel%2fplugin-transform-react-jsx-source 2ms (cache hit)
85 silly packumentCache full:https://registry.npmjs.org/@babel%2fplugin-transform-react-jsx-source set size:205288 disposed:false
86 silly fetch manifest qs@~6.15.1
87 silly packumentCache full:https://registry.npmjs.org/qs cache-miss
88 http fetch GET 200 https://registry.npmjs.org/qs 2ms (cache hit)
89 silly packumentCache full:https://registry.npmjs.org/qs set size:360318 disposed:false
90 silly fetch manifest depd@2.0.0
91 silly packumentCache full:https://registry.npmjs.org/depd cache-miss
92 http fetch GET 200 https://registry.npmjs.org/depd 2ms (cache hit)
93 silly packumentCache full:https://registry.npmjs.org/depd set size:40182 disposed:false
94 silly fetch manifest etag@~1.8.1
95 silly packumentCache full:https://registry.npmjs.org/etag cache-miss
96 http fetch GET 200 https://registry.npmjs.org/etag 1ms (cache hit)
97 silly packumentCache full:https://registry.npmjs.org/etag set size:30032 disposed:false
98 silly fetch manifest send@~0.19.0
99 silly packumentCache full:https://registry.npmjs.org/send cache-miss
100 http fetch GET 200 https://registry.npmjs.org/send 1ms (cache hit)
101 silly packumentCache full:https://registry.npmjs.org/send set size:152810 disposed:false
102 silly fetch manifest debug@2.6.9
103 silly packumentCache full:https://registry.npmjs.org/debug cache-miss
104 http fetch GET 200 https://registry.npmjs.org/debug 2ms (cache hit)
105 silly packumentCache full:https://registry.npmjs.org/debug set size:195840 disposed:false
106 silly fetch manifest fresh@~0.5.2
107 silly packumentCache full:https://registry.npmjs.org/fresh cache-miss
108 http fetch GET 200 https://registry.npmjs.org/fresh 2ms (cache hit)
109 silly packumentCache full:https://registry.npmjs.org/fresh set size:25427 disposed:false
110 silly fetch manifest accepts@~1.3.8
111 silly packumentCache full:https://registry.npmjs.org/accepts cache-miss
112 http fetch GET 200 https://registry.npmjs.org/accepts 4ms (cache hit)
113 silly packumentCache full:https://registry.npmjs.org/accepts set size:77054 disposed:false
114 silly fetch manifest methods@~1.1.2
115 silly packumentCache full:https://registry.npmjs.org/methods cache-miss
116 http fetch GET 200 https://registry.npmjs.org/methods 3ms (cache hit)
117 silly packumentCache full:https://registry.npmjs.org/methods set size:12600 disposed:false
118 silly fetch manifest type-is@~1.6.18
119 silly packumentCache full:https://registry.npmjs.org/type-is cache-miss
120 http fetch GET 200 https://registry.npmjs.org/type-is 2ms (cache hit)
121 silly packumentCache full:https://registry.npmjs.org/type-is set size:88614 disposed:false
122 silly fetch manifest parseurl@~1.3.3
123 silly packumentCache full:https://registry.npmjs.org/parseurl cache-miss
124 http fetch GET 200 https://registry.npmjs.org/parseurl 3ms (cache hit)
125 silly packumentCache full:https://registry.npmjs.org/parseurl set size:24148 disposed:false
126 silly fetch manifest statuses@~2.0.1
127 silly packumentCache full:https://registry.npmjs.org/statuses cache-miss
128 http fetch GET 200 https://registry.npmjs.org/statuses 2ms (cache hit)
129 silly packumentCache full:https://registry.npmjs.org/statuses set size:37117 disposed:false
130 silly fetch manifest encodeurl@~2.0.0
131 silly packumentCache full:https://registry.npmjs.org/encodeurl cache-miss
132 http fetch GET 200 https://registry.npmjs.org/encodeurl 5ms (cache hit)
133 silly packumentCache full:https://registry.npmjs.org/encodeurl set size:12296 disposed:false
134 silly fetch manifest body-parser@~1.20.5
135 silly packumentCache full:https://registry.npmjs.org/body-parser cache-miss
136 http fetch GET 200 https://registry.npmjs.org/body-parser 2ms (cache hit)
137 silly packumentCache full:https://registry.npmjs.org/body-parser set size:204559 disposed:false
138 silly fetch manifest escape-html@~1.0.3
139 silly packumentCache full:https://registry.npmjs.org/escape-html cache-miss
140 http fetch GET 200 https://registry.npmjs.org/escape-html 2ms (cache hit)
141 silly packumentCache full:https://registry.npmjs.org/escape-html set size:7345 disposed:false
142 silly fetch manifest http-errors@~2.0.0
143 silly packumentCache full:https://registry.npmjs.org/http-errors cache-miss
144 http fetch GET 200 https://registry.npmjs.org/http-errors 2ms (cache hit)
145 silly packumentCache full:https://registry.npmjs.org/http-errors set size:71987 disposed:false
146 silly fetch manifest on-finished@~2.4.1
147 silly packumentCache full:https://registry.npmjs.org/on-finished cache-miss
148 http fetch GET 200 https://registry.npmjs.org/on-finished 4ms (cache hit)
149 silly packumentCache full:https://registry.npmjs.org/on-finished set size:23212 disposed:false
150 silly fetch manifest utils-merge@1.0.1
151 silly packumentCache full:https://registry.npmjs.org/utils-merge cache-miss
152 http fetch GET 200 https://registry.npmjs.org/utils-merge 2ms (cache hit)
153 silly packumentCache full:https://registry.npmjs.org/utils-merge set size:5237 disposed:false
154 silly fetch manifest finalhandler@~1.3.1
155 silly packumentCache full:https://registry.npmjs.org/finalhandler cache-miss
156 http fetch GET 200 https://registry.npmjs.org/finalhandler 2ms (cache hit)
157 silly packumentCache full:https://registry.npmjs.org/finalhandler set size:79291 disposed:false
158 silly fetch manifest range-parser@~1.2.1
159 silly packumentCache full:https://registry.npmjs.org/range-parser cache-miss
160 http fetch GET 200 https://registry.npmjs.org/range-parser 2ms (cache hit)
161 silly packumentCache full:https://registry.npmjs.org/range-parser set size:24852 disposed:false
162 silly fetch manifest serve-static@~1.16.2
163 silly packumentCache full:https://registry.npmjs.org/serve-static cache-miss
164 http fetch GET 200 https://registry.npmjs.org/serve-static 2ms (cache hit)
165 silly packumentCache full:https://registry.npmjs.org/serve-static set size:150391 disposed:false
166 silly fetch manifest array-flatten@1.1.1
167 silly packumentCache full:https://registry.npmjs.org/array-flatten cache-miss
168 http fetch GET 200 https://registry.npmjs.org/array-flatten 5ms (cache hit)
169 silly packumentCache full:https://registry.npmjs.org/array-flatten set size:24005 disposed:false
170 silly fetch manifest path-to-regexp@~0.1.12
171 silly packumentCache full:https://registry.npmjs.org/path-to-regexp cache-miss
172 http fetch GET 200 https://registry.npmjs.org/path-to-regexp 2ms (cache hit)
173 silly packumentCache full:https://registry.npmjs.org/path-to-regexp set size:216334 disposed:false
174 silly fetch manifest setprototypeof@1.2.0
175 silly packumentCache full:https://registry.npmjs.org/setprototypeof cache-miss
176 http fetch GET 200 https://registry.npmjs.org/setprototypeof 2ms (cache hit)
177 silly packumentCache full:https://registry.npmjs.org/setprototypeof set size:14532 disposed:false
178 silly fetch manifest cookie-signature@~1.0.6
179 silly packumentCache full:https://registry.npmjs.org/cookie-signature cache-miss
180 http fetch GET 200 https://registry.npmjs.org/cookie-signature 2ms (cache hit)
181 silly packumentCache full:https://registry.npmjs.org/cookie-signature set size:21777 disposed:false
182 silly fetch manifest merge-descriptors@1.0.3
183 silly packumentCache full:https://registry.npmjs.org/merge-descriptors cache-miss
184 http fetch GET 200 https://registry.npmjs.org/merge-descriptors 4ms (cache hit)
185 silly packumentCache full:https://registry.npmjs.org/merge-descriptors set size:16527 disposed:false
186 silly fetch manifest content-disposition@~0.5.4
187 silly packumentCache full:https://registry.npmjs.org/content-disposition cache-miss
188 http fetch GET 200 https://registry.npmjs.org/content-disposition 2ms (cache hit)
189 silly packumentCache full:https://registry.npmjs.org/content-disposition set size:42862 disposed:false
190 silly fetch manifest motion-dom@^12.43.0
191 silly packumentCache full:https://registry.npmjs.org/motion-dom cache-miss
192 http fetch GET 200 https://registry.npmjs.org/motion-dom 3ms (cache hit)
193 silly packumentCache full:https://registry.npmjs.org/motion-dom set size:289764 disposed:false
194 silly fetch manifest motion-utils@^12.39.0
195 silly packumentCache full:https://registry.npmjs.org/motion-utils cache-miss
196 http fetch GET 200 https://registry.npmjs.org/motion-utils 2ms (cache hit)
197 silly packumentCache full:https://registry.npmjs.org/motion-utils set size:68452 disposed:false
198 silly fetch manifest xtend@^4.0.0
199 silly packumentCache full:https://registry.npmjs.org/xtend cache-miss
200 http fetch GET 200 https://registry.npmjs.org/xtend 26ms (cache hit)
201 silly packumentCache full:https://registry.npmjs.org/xtend set size:28314 disposed:false
202 silly fetch manifest mkdirp@^0.5.4
203 silly packumentCache full:https://registry.npmjs.org/mkdirp cache-miss
204 http fetch GET 200 https://registry.npmjs.org/mkdirp 3ms (cache hit)
205 silly packumentCache full:https://registry.npmjs.org/mkdirp set size:116415 disposed:false
206 silly fetch manifest concat-stream@^1.5.2
207 silly packumentCache full:https://registry.npmjs.org/concat-stream cache-miss
208 http fetch GET 200 https://registry.npmjs.org/concat-stream 2ms (cache hit)
209 silly packumentCache full:https://registry.npmjs.org/concat-stream set size:63783 disposed:false
210 silly placeDep ROOT undici-types@6.21.0 OK for: @types/node@22.20.1 want: ~6.21.0
211 silly placeDep ROOT @babel/core@7.29.7 OK for: @vitejs/plugin-react@4.7.0 want: ^7.28.0
212 silly placeDep ROOT @babel/plugin-transform-react-jsx-self@7.29.7 OK for: @vitejs/plugin-react@4.7.0 want: ^7.27.1
213 silly placeDep ROOT @babel/plugin-transform-react-jsx-source@7.29.7 OK for: @vitejs/plugin-react@4.7.0 want: ^7.27.1
214 silly placeDep node_modules/@vitejs/plugin-react @rolldown/pluginutils@1.0.0-beta.27 OK for: @vitejs/plugin-react@4.7.0 want: 1.0.0-beta.27
215 silly placeDep ROOT @types/babel__core@7.20.5 OK for: @vitejs/plugin-react@4.7.0 want: ^7.20.5
216 silly placeDep ROOT react-refresh@0.17.0 OK for: @vitejs/plugin-react@4.7.0 want: ^0.17.0
217 silly fetch manifest json5@^2.2.3
218 silly packumentCache full:https://registry.npmjs.org/json5 cache-miss
219 http fetch GET 200 https://registry.npmjs.org/json5 4ms (cache hit)
220 silly packumentCache full:https://registry.npmjs.org/json5 set size:86136 disposed:false
221 silly fetch manifest semver@^6.3.1
222 silly packumentCache full:https://registry.npmjs.org/semver cache-miss
223 http fetch GET 200 https://registry.npmjs.org/semver 2ms (cache hit)
224 silly packumentCache full:https://registry.npmjs.org/semver set size:246069 disposed:false
225 silly fetch manifest gensync@^1.0.0-beta.2
226 silly packumentCache full:https://registry.npmjs.org/gensync cache-miss
227 http fetch GET 200 https://registry.npmjs.org/gensync 2ms (cache hit)
228 silly packumentCache full:https://registry.npmjs.org/gensync set size:15068 disposed:false
229 silly fetch manifest @babel/types@^7.29.7
230 silly packumentCache full:https://registry.npmjs.org/@babel%2ftypes cache-miss
231 http fetch GET 200 https://registry.npmjs.org/@babel%2ftypes 4ms (cache hit)
232 silly packumentCache full:https://registry.npmjs.org/@babel%2ftypes set size:502938 disposed:false
233 silly fetch manifest @babel/parser@^7.29.7
234 silly packumentCache full:https://registry.npmjs.org/@babel%2fparser cache-miss
235 http fetch GET 200 https://registry.npmjs.org/@babel%2fparser 4ms (cache hit)
236 silly packumentCache full:https://registry.npmjs.org/@babel%2fparser set size:737961 disposed:false
237 silly fetch manifest @babel/helpers@^7.29.7
238 silly packumentCache full:https://registry.npmjs.org/@babel%2fhelpers cache-miss
239 http fetch GET 200 https://registry.npmjs.org/@babel%2fhelpers 6ms (cache hit)
240 silly packumentCache full:https://registry.npmjs.org/@babel%2fhelpers set size:398496 disposed:false
241 silly fetch manifest @babel/template@^7.29.7
242 silly packumentCache full:https://registry.npmjs.org/@babel%2ftemplate cache-miss
243 http fetch GET 200 https://registry.npmjs.org/@babel%2ftemplate 2ms (cache hit)
244 silly packumentCache full:https://registry.npmjs.org/@babel%2ftemplate set size:237074 disposed:false
245 silly fetch manifest @babel/traverse@^7.29.7
246 silly packumentCache full:https://registry.npmjs.org/@babel%2ftraverse cache-miss
247 http fetch GET 200 https://registry.npmjs.org/@babel%2ftraverse 3ms (cache hit)
248 silly packumentCache full:https://registry.npmjs.org/@babel%2ftraverse set size:564759 disposed:false
249 silly fetch manifest @babel/generator@^7.29.7
250 silly packumentCache full:https://registry.npmjs.org/@babel%2fgenerator cache-miss
251 http fetch GET 200 https://registry.npmjs.org/@babel%2fgenerator 5ms (cache hit)
252 silly packumentCache full:https://registry.npmjs.org/@babel%2fgenerator set size:522841 disposed:false
253 silly fetch manifest @babel/code-frame@^7.29.7
254 silly packumentCache full:https://registry.npmjs.org/@babel%2fcode-frame cache-miss
255 http fetch GET 200 https://registry.npmjs.org/@babel%2fcode-frame 3ms (cache hit)
256 silly packumentCache full:https://registry.npmjs.org/@babel%2fcode-frame set size:206617 disposed:false
257 silly fetch manifest convert-source-map@^2.0.0
258 silly packumentCache full:https://registry.npmjs.org/convert-source-map cache-miss
259 http fetch GET 200 https://registry.npmjs.org/convert-source-map 4ms (cache hit)
260 silly packumentCache full:https://registry.npmjs.org/convert-source-map set size:66997 disposed:false
261 silly fetch manifest @jridgewell/remapping@^2.3.5
262 silly packumentCache full:https://registry.npmjs.org/@jridgewell%2fremapping cache-miss
263 http fetch GET 200 https://registry.npmjs.org/@jridgewell%2fremapping 2ms (cache hit)
264 silly packumentCache full:https://registry.npmjs.org/@jridgewell%2fremapping set size:23809 disposed:false
265 silly fetch manifest @babel/helper-module-transforms@^7.29.7
266 silly packumentCache full:https://registry.npmjs.org/@babel%2fhelper-module-transforms cache-miss
267 http fetch GET 200 https://registry.npmjs.org/@babel%2fhelper-module-transforms 3ms (cache hit)
268 silly packumentCache full:https://registry.npmjs.org/@babel%2fhelper-module-transforms set size:346454 disposed:false
269 silly fetch manifest @babel/helper-compilation-targets@^7.29.7
270 silly packumentCache full:https://registry.npmjs.org/@babel%2fhelper-compilation-targets cache-miss
271 http fetch GET 200 https://registry.npmjs.org/@babel%2fhelper-compilation-targets 29ms (cache hit)
272 silly packumentCache full:https://registry.npmjs.org/@babel%2fhelper-compilation-targets set size:229541 disposed:false
273 silly fetch manifest @babel/helper-plugin-utils@^7.29.7
274 silly packumentCache full:https://registry.npmjs.org/@babel%2fhelper-plugin-utils cache-miss
275 http fetch GET 200 https://registry.npmjs.org/@babel%2fhelper-plugin-utils 3ms (cache hit)
276 silly packumentCache full:https://registry.npmjs.org/@babel%2fhelper-plugin-utils set size:175564 disposed:false
277 silly fetch manifest @babel/types@^7.20.7
278 silly packumentCache full:https://registry.npmjs.org/@babel%2ftypes cache-hit
279 silly fetch manifest @babel/parser@^7.20.7
280 silly packumentCache full:https://registry.npmjs.org/@babel%2fparser cache-hit
281 silly fetch manifest @types/babel__template@*
282 silly packumentCache full:https://registry.npmjs.org/@types%2fbabel__template cache-miss
283 http fetch GET 200 https://registry.npmjs.org/@types%2fbabel__template 2ms (cache hit)
284 silly packumentCache full:https://registry.npmjs.org/@types%2fbabel__template set size:22631 disposed:false
285 silly fetch manifest @types/babel__traverse@*
286 silly packumentCache full:https://registry.npmjs.org/@types%2fbabel__traverse cache-miss
287 http fetch GET 200 https://registry.npmjs.org/@types%2fbabel__traverse 2ms (cache hit)
288 silly packumentCache full:https://registry.npmjs.org/@types%2fbabel__traverse set size:107819 disposed:false
289 silly fetch manifest @types/babel__generator@*
290 silly packumentCache full:https://registry.npmjs.org/@types%2fbabel__generator cache-miss
291 http fetch GET 200 https://registry.npmjs.org/@types%2fbabel__generator 2ms (cache hit)
292 silly packumentCache full:https://registry.npmjs.org/@types%2fbabel__generator set size:31587 disposed:false
293 silly placeDep ROOT @babel/code-frame@7.29.7 OK for: @babel/core@7.29.7 want: ^7.29.7
294 silly placeDep ROOT @babel/generator@7.29.8 OK for: @babel/core@7.29.7 want: ^7.29.7
295 silly placeDep ROOT @babel/helper-compilation-targets@7.29.7 OK for: @babel/core@7.29.7 want: ^7.29.7
296 silly placeDep ROOT @babel/helper-module-transforms@7.29.7 OK for: @babel/core@7.29.7 want: ^7.29.7
297 silly placeDep ROOT @babel/helpers@7.29.7 OK for: @babel/core@7.29.7 want: ^7.29.7
298 silly placeDep ROOT @babel/parser@7.29.8 OK for: @babel/core@7.29.7 want: ^7.29.7
299 silly placeDep ROOT @babel/template@7.29.7 OK for: @babel/core@7.29.7 want: ^7.29.7
300 silly placeDep ROOT @babel/traverse@7.29.8 OK for: @babel/core@7.29.7 want: ^7.29.7
301 silly placeDep ROOT @babel/types@7.29.8 OK for: @babel/core@7.29.7 want: ^7.29.7
302 silly placeDep ROOT @jridgewell/remapping@2.3.5 OK for: @babel/core@7.29.7 want: ^2.3.5
303 silly placeDep ROOT convert-source-map@2.0.0 OK for: @babel/core@7.29.7 want: ^2.0.0
304 silly placeDep ROOT gensync@1.0.0-beta.2 OK for: @babel/core@7.29.7 want: ^1.0.0-beta.2
305 silly placeDep ROOT json5@2.2.3 OK for: @babel/core@7.29.7 want: ^2.2.3
306 silly placeDep ROOT semver@6.3.1 OK for: @babel/core@7.29.7 want: ^6.3.1
307 silly fetch manifest js-tokens@^4.0.0
308 silly packumentCache full:https://registry.npmjs.org/js-tokens cache-miss
309 http fetch GET 200 https://registry.npmjs.org/js-tokens 3ms (cache hit)
310 silly packumentCache full:https://registry.npmjs.org/js-tokens set size:41947 disposed:false
311 silly fetch manifest @babel/helper-validator-identifier@^7.29.7
312 silly packumentCache full:https://registry.npmjs.org/@babel%2fhelper-validator-identifier cache-miss
313 http fetch GET 200 https://registry.npmjs.org/@babel%2fhelper-validator-identifier 3ms (cache hit)
314 silly packumentCache full:https://registry.npmjs.org/@babel%2fhelper-validator-identifier set size:130133 disposed:false
315 silly fetch manifest jsesc@^3.0.2
316 silly packumentCache full:https://registry.npmjs.org/jsesc cache-miss
317 http fetch GET 200 https://registry.npmjs.org/jsesc 4ms (cache hit)
318 silly packumentCache full:https://registry.npmjs.org/jsesc set size:61512 disposed:false
319 silly fetch manifest @babel/types@^7.29.8
320 silly packumentCache full:https://registry.npmjs.org/@babel%2ftypes cache-hit
321 silly fetch manifest @babel/parser@^7.29.8
322 silly packumentCache full:https://registry.npmjs.org/@babel%2fparser cache-hit
323 silly fetch manifest lru-cache@^5.1.1
324 silly packumentCache full:https://registry.npmjs.org/lru-cache cache-miss
325 http fetch GET 200 https://registry.npmjs.org/lru-cache 3ms (cache hit)
326 silly packumentCache full:https://registry.npmjs.org/lru-cache set size:460407 disposed:false
327 silly fetch manifest @babel/compat-data@^7.29.7
328 silly packumentCache full:https://registry.npmjs.org/@babel%2fcompat-data cache-miss
329 http fetch GET 200 https://registry.npmjs.org/@babel%2fcompat-data 2ms (cache hit)
330 silly packumentCache full:https://registry.npmjs.org/@babel%2fcompat-data set size:318807 disposed:false
331 silly fetch manifest @babel/helper-validator-option@^7.29.7
332 silly packumentCache full:https://registry.npmjs.org/@babel%2fhelper-validator-option cache-miss
333 http fetch GET 200 https://registry.npmjs.org/@babel%2fhelper-validator-option 4ms (cache hit)
334 silly packumentCache full:https://registry.npmjs.org/@babel%2fhelper-validator-option set size:101303 disposed:false
335 silly fetch manifest @babel/helper-module-imports@^7.29.7
336 silly packumentCache full:https://registry.npmjs.org/@babel%2fhelper-module-imports cache-miss
337 http fetch GET 200 https://registry.npmjs.org/@babel%2fhelper-module-imports 2ms (cache hit)
338 silly packumentCache full:https://registry.npmjs.org/@babel%2fhelper-module-imports set size:203392 disposed:false
339 silly fetch manifest @babel/helper-globals@^7.29.7
340 silly packumentCache full:https://registry.npmjs.org/@babel%2fhelper-globals cache-miss
341 http fetch GET 200 https://registry.npmjs.org/@babel%2fhelper-globals 1ms (cache hit)
342 silly packumentCache full:https://registry.npmjs.org/@babel%2fhelper-globals set size:25155 disposed:false
343 silly fetch manifest @babel/helper-string-parser@^7.29.7
344 silly packumentCache full:https://registry.npmjs.org/@babel%2fhelper-string-parser cache-miss
345 http fetch GET 200 https://registry.npmjs.org/@babel%2fhelper-string-parser 2ms (cache hit)
346 silly packumentCache full:https://registry.npmjs.org/@babel%2fhelper-string-parser set size:91563 disposed:false
347 silly placeDep ROOT @babel/helper-validator-identifier@7.29.7 OK for: @babel/code-frame@7.29.7 want: ^7.29.7
348 silly placeDep ROOT js-tokens@4.0.0 OK for: @babel/code-frame@7.29.7 want: ^4.0.0
349 silly placeDep ROOT jsesc@3.1.0 OK for: @babel/generator@7.29.8 want: ^3.0.2
350 silly placeDep ROOT @babel/compat-data@7.29.7 OK for: @babel/helper-compilation-targets@7.29.7 want: ^7.29.7
351 silly placeDep ROOT @babel/helper-validator-option@7.29.7 OK for: @babel/helper-compilation-targets@7.29.7 want: ^7.29.7
352 silly placeDep ROOT lru-cache@5.1.1 OK for: @babel/helper-compilation-targets@7.29.7 want: ^5.1.1
353 silly fetch manifest yallist@^3.0.2
354 silly packumentCache full:https://registry.npmjs.org/yallist cache-miss
355 http fetch GET 200 https://registry.npmjs.org/yallist 5ms (cache hit)
356 silly packumentCache full:https://registry.npmjs.org/yallist set size:34610 disposed:false
357 silly placeDep ROOT @babel/helper-module-imports@7.29.7 OK for: @babel/helper-module-transforms@7.29.7 want: ^7.29.7
358 silly placeDep ROOT @babel/helper-plugin-utils@7.29.7 OK for: @babel/plugin-transform-react-jsx-self@7.29.7 want: ^7.29.7
359 silly placeDep ROOT @babel/helper-globals@7.29.7 OK for: @babel/traverse@7.29.8 want: ^7.29.7
360 silly placeDep ROOT @babel/helper-string-parser@7.29.7 OK for: @babel/types@7.29.8 want: ^7.29.7
361 silly placeDep ROOT @types/babel__generator@7.27.0 OK for: @types/babel__core@7.20.5 want: *
362 silly placeDep ROOT @types/babel__template@7.4.4 OK for: @types/babel__core@7.20.5 want: *
363 silly placeDep ROOT @types/babel__traverse@7.28.0 OK for: @types/babel__core@7.20.5 want: *
364 silly placeDep ROOT accepts@1.3.8 OK for: express@4.22.2 want: ~1.3.8
365 silly placeDep ROOT array-flatten@1.1.1 OK for: express@4.22.2 want: 1.1.1
366 silly placeDep ROOT body-parser@1.20.6 OK for: express@4.22.2 want: ~1.20.5
367 silly placeDep ROOT content-disposition@0.5.4 OK for: express@4.22.2 want: ~0.5.4
368 silly placeDep ROOT cookie-signature@1.0.7 OK for: express@4.22.2 want: ~1.0.6
369 silly placeDep node_modules/express debug@2.6.9 OK for: express@4.22.2 want: 2.6.9
370 silly placeDep ROOT depd@2.0.0 OK for: express@4.22.2 want: 2.0.0
371 silly placeDep ROOT encodeurl@2.0.0 OK for: express@4.22.2 want: ~2.0.0
372 silly placeDep ROOT escape-html@1.0.3 OK for: express@4.22.2 want: ~1.0.3
373 silly placeDep ROOT etag@1.8.1 OK for: express@4.22.2 want: ~1.8.1
374 silly placeDep ROOT finalhandler@1.3.2 OK for: express@4.22.2 want: ~1.3.1
375 silly placeDep ROOT fresh@0.5.2 OK for: express@4.22.2 want: ~0.5.2
376 silly placeDep ROOT http-errors@2.0.1 OK for: express@4.22.2 want: ~2.0.0
377 silly placeDep ROOT merge-descriptors@1.0.3 OK for: express@4.22.2 want: 1.0.3
378 silly placeDep ROOT methods@1.1.2 OK for: express@4.22.2 want: ~1.1.2
379 silly placeDep ROOT on-finished@2.4.1 OK for: express@4.22.2 want: ~2.4.1
380 silly placeDep ROOT parseurl@1.3.3 OK for: express@4.22.2 want: ~1.3.3
381 silly placeDep ROOT path-to-regexp@0.1.13 OK for: express@4.22.2 want: ~0.1.12
382 silly placeDep ROOT qs@6.15.3 OK for: express@4.22.2 want: ~6.15.1
383 silly placeDep ROOT range-parser@1.2.1 OK for: express@4.22.2 want: ~1.2.1
384 silly placeDep ROOT send@0.19.2 OK for: express@4.22.2 want: ~0.19.0
385 silly placeDep ROOT serve-static@1.16.3 OK for: express@4.22.2 want: ~1.16.2
386 silly placeDep ROOT setprototypeof@1.2.0 OK for: express@4.22.2 want: 1.2.0
387 silly placeDep ROOT statuses@2.0.2 OK for: express@4.22.2 want: ~2.0.1
388 silly placeDep ROOT type-is@1.6.18 OK for: express@4.22.2 want: ~1.6.18
389 silly placeDep ROOT utils-merge@1.0.1 OK for: express@4.22.2 want: 1.0.1
390 silly fetch manifest mime-types@~2.1.34
391 silly packumentCache full:https://registry.npmjs.org/mime-types cache-miss
392 http fetch GET 200 https://registry.npmjs.org/mime-types 2ms (cache hit)
393 silly packumentCache full:https://registry.npmjs.org/mime-types set size:139110 disposed:false
394 silly fetch manifest negotiator@0.6.3
395 silly packumentCache full:https://registry.npmjs.org/negotiator cache-miss
396 http fetch GET 200 https://registry.npmjs.org/negotiator 3ms (cache hit)
397 silly packumentCache full:https://registry.npmjs.org/negotiator set size:48046 disposed:false
398 silly fetch manifest bytes@~3.1.2
399 silly packumentCache full:https://registry.npmjs.org/bytes cache-miss
400 http fetch GET 200 https://registry.npmjs.org/bytes 2ms (cache hit)
401 silly packumentCache full:https://registry.npmjs.org/bytes set size:37018 disposed:false
402 silly fetch manifest unpipe@~1.0.0
403 silly packumentCache full:https://registry.npmjs.org/unpipe cache-miss
404 http fetch GET 200 https://registry.npmjs.org/unpipe 2ms (cache hit)
405 silly packumentCache full:https://registry.npmjs.org/unpipe set size:3609 disposed:false
406 silly fetch manifest destroy@~1.2.0
407 silly packumentCache full:https://registry.npmjs.org/destroy cache-miss
408 http fetch GET 200 https://registry.npmjs.org/destroy 2ms (cache hit)
409 silly packumentCache full:https://registry.npmjs.org/destroy set size:15738 disposed:false
410 silly fetch manifest raw-body@~2.5.3
411 silly packumentCache full:https://registry.npmjs.org/raw-body cache-miss
412 http fetch GET 200 https://registry.npmjs.org/raw-body 4ms (cache hit)
413 silly packumentCache full:https://registry.npmjs.org/raw-body set size:120042 disposed:false
414 silly fetch manifest iconv-lite@~0.4.24
415 silly packumentCache full:https://registry.npmjs.org/iconv-lite cache-miss
416 http fetch GET 200 https://registry.npmjs.org/iconv-lite 2ms (cache hit)
417 silly packumentCache full:https://registry.npmjs.org/iconv-lite set size:126462 disposed:false
418 silly fetch manifest http-errors@~2.0.1
419 silly packumentCache full:https://registry.npmjs.org/http-errors cache-hit
420 silly fetch manifest ms@2.0.0
421 silly packumentCache full:https://registry.npmjs.org/ms cache-miss
422 http fetch GET 200 https://registry.npmjs.org/ms 3ms (cache hit)
423 silly packumentCache full:https://registry.npmjs.org/ms set size:92208 disposed:false
424 silly fetch manifest statuses@~2.0.2
425 silly packumentCache full:https://registry.npmjs.org/statuses cache-hit
426 silly fetch manifest inherits@~2.0.4
427 silly packumentCache full:https://registry.npmjs.org/inherits cache-miss
428 http fetch GET 200 https://registry.npmjs.org/inherits 5ms (cache hit)
429 silly packumentCache full:https://registry.npmjs.org/inherits set size:12925 disposed:false
430 silly fetch manifest setprototypeof@~1.2.0
431 silly packumentCache full:https://registry.npmjs.org/setprototypeof cache-hit
432 silly fetch manifest toidentifier@~1.0.1
433 silly packumentCache full:https://registry.npmjs.org/toidentifier cache-miss
434 http fetch GET 200 https://registry.npmjs.org/toidentifier 2ms (cache hit)
435 silly packumentCache full:https://registry.npmjs.org/toidentifier set size:12006 disposed:false
436 silly fetch manifest ee-first@1.1.1
437 silly packumentCache full:https://registry.npmjs.org/ee-first cache-miss
438 http fetch GET 200 https://registry.npmjs.org/ee-first 2ms (cache hit)
439 silly packumentCache full:https://registry.npmjs.org/ee-first set size:15327 disposed:false
440 silly fetch manifest side-channel@^1.1.1
441 silly packumentCache full:https://registry.npmjs.org/side-channel cache-miss
442 http fetch GET 200 https://registry.npmjs.org/side-channel 2ms (cache hit)
443 silly packumentCache full:https://registry.npmjs.org/side-channel set size:27650 disposed:false
444 silly fetch manifest es-define-property@^1.0.1
445 silly packumentCache full:https://registry.npmjs.org/es-define-property cache-miss
446 http fetch GET 200 https://registry.npmjs.org/es-define-property 2ms (cache hit)
447 silly packumentCache full:https://registry.npmjs.org/es-define-property set size:8542 disposed:false
448 silly fetch manifest mime@1.6.0
449 silly packumentCache full:https://registry.npmjs.org/mime cache-miss
450 http fetch GET 200 https://registry.npmjs.org/mime 2ms (cache hit)
451 silly packumentCache full:https://registry.npmjs.org/mime set size:119236 disposed:false
452 silly fetch manifest destroy@1.2.0
453 silly packumentCache full:https://registry.npmjs.org/destroy cache-hit
454 silly fetch manifest mime-types@~2.1.24
455 silly packumentCache full:https://registry.npmjs.org/mime-types cache-hit
456 silly fetch manifest media-typer@0.3.0
457 silly packumentCache full:https://registry.npmjs.org/media-typer cache-miss
458 http fetch GET 200 https://registry.npmjs.org/media-typer 7ms (cache hit)
459 silly packumentCache full:https://registry.npmjs.org/media-typer set size:22074 disposed:false
460 silly placeDep ROOT mime-types@2.1.35 OK for: accepts@1.3.8 want: ~2.1.34
461 silly placeDep ROOT negotiator@0.6.3 OK for: accepts@1.3.8 want: 0.6.3
462 silly fetch manifest mime-db@1.52.0
463 silly packumentCache full:https://registry.npmjs.org/mime-db cache-miss
464 http fetch GET 200 https://registry.npmjs.org/mime-db 27ms (cache hit)
465 silly packumentCache full:https://registry.npmjs.org/mime-db set size:164953 disposed:false
466 silly placeDep ROOT bytes@3.1.2 OK for: body-parser@1.20.6 want: ~3.1.2
467 silly placeDep node_modules/body-parser debug@2.6.9 OK for: body-parser@1.20.6 want: 2.6.9
468 silly placeDep ROOT destroy@1.2.0 OK for: body-parser@1.20.6 want: ~1.2.0
469 silly placeDep ROOT iconv-lite@0.4.24 OK for: body-parser@1.20.6 want: ~0.4.24
470 silly placeDep ROOT raw-body@2.5.3 OK for: body-parser@1.20.6 want: ~2.5.3
471 silly placeDep ROOT unpipe@1.0.0 OK for: body-parser@1.20.6 want: ~1.0.0
472 silly fetch manifest safer-buffer@>= 2.1.2 < 3
473 silly packumentCache full:https://registry.npmjs.org/safer-buffer cache-miss
474 http fetch GET 200 https://registry.npmjs.org/safer-buffer 2ms (cache hit)
475 silly packumentCache full:https://registry.npmjs.org/safer-buffer set size:18521 disposed:false
476 silly placeDep node_modules/finalhandler debug@2.6.9 OK for: finalhandler@1.3.2 want: 2.6.9
477 silly placeDep ROOT motion-dom@12.43.0 OK for: framer-motion@12.43.0 want: ^12.43.0
478 silly placeDep ROOT motion-utils@12.39.0 OK for: framer-motion@12.43.0 want: ^12.39.0
479 silly placeDep ROOT inherits@2.0.4 OK for: http-errors@2.0.1 want: ~2.0.4
480 silly placeDep ROOT toidentifier@1.0.1 OK for: http-errors@2.0.1 want: ~1.0.1
481 silly placeDep ROOT safer-buffer@2.1.2 OK for: iconv-lite@0.4.24 want: >= 2.1.2 < 3
482 silly placeDep ROOT yallist@3.1.1 OK for: lru-cache@5.1.1 want: ^3.0.2
483 silly placeDep ROOT mime-db@1.52.0 OK for: mime-types@2.1.35 want: 1.52.0
484 silly placeDep ROOT concat-stream@1.6.2 OK for: multer@1.4.5-lts.2 want: ^1.5.2
485 silly placeDep ROOT mkdirp@0.5.6 OK for: multer@1.4.5-lts.2 want: ^0.5.4
486 silly placeDep ROOT xtend@4.0.2 OK for: multer@1.4.5-lts.2 want: ^4.0.0
487 silly fetch manifest buffer-from@^1.0.0
488 silly packumentCache full:https://registry.npmjs.org/buffer-from cache-miss
489 http fetch GET 200 https://registry.npmjs.org/buffer-from 4ms (cache hit)
490 silly packumentCache full:https://registry.npmjs.org/buffer-from set size:15463 disposed:false
491 silly fetch manifest readable-stream@^2.2.2
492 silly packumentCache full:https://registry.npmjs.org/readable-stream cache-miss
493 http fetch GET 200 https://registry.npmjs.org/readable-stream 3ms (cache hit)
494 silly packumentCache full:https://registry.npmjs.org/readable-stream set size:261096 disposed:false
495 silly fetch manifest typedarray@^0.0.6
496 silly packumentCache full:https://registry.npmjs.org/typedarray cache-miss
497 http fetch GET 200 https://registry.npmjs.org/typedarray 2ms (cache hit)
498 silly packumentCache full:https://registry.npmjs.org/typedarray set size:18469 disposed:false
499 silly fetch manifest minimist@^1.2.6
500 silly packumentCache full:https://registry.npmjs.org/minimist cache-miss
501 http fetch GET 200 https://registry.npmjs.org/minimist 4ms (cache hit)
502 silly packumentCache full:https://registry.npmjs.org/minimist set size:77063 disposed:false
503 silly placeDep ROOT buffer-from@1.1.2 OK for: concat-stream@1.6.2 want: ^1.0.0
504 silly placeDep ROOT readable-stream@2.3.8 OK for: concat-stream@1.6.2 want: ^2.2.2
505 silly placeDep ROOT typedarray@0.0.6 OK for: concat-stream@1.6.2 want: ^0.0.6
506 silly fetch manifest isarray@~1.0.0
507 silly packumentCache full:https://registry.npmjs.org/isarray cache-miss
508 http fetch GET 200 https://registry.npmjs.org/isarray 2ms (cache hit)
509 silly packumentCache full:https://registry.npmjs.org/isarray set size:17392 disposed:false
510 silly fetch manifest safe-buffer@~5.1.1
511 silly packumentCache full:https://registry.npmjs.org/safe-buffer cache-miss
512 http fetch GET 200 https://registry.npmjs.org/safe-buffer 2ms (cache hit)
513 silly packumentCache full:https://registry.npmjs.org/safe-buffer set size:41183 disposed:false
514 silly fetch manifest core-util-is@~1.0.0
515 silly packumentCache full:https://registry.npmjs.org/core-util-is cache-miss
516 http fetch GET 200 https://registry.npmjs.org/core-util-is 4ms (cache hit)
517 silly packumentCache full:https://registry.npmjs.org/core-util-is set size:7163 disposed:false
518 silly fetch manifest string_decoder@~1.1.1
519 silly packumentCache full:https://registry.npmjs.org/string_decoder cache-miss
520 http fetch GET 200 https://registry.npmjs.org/string_decoder 3ms (cache hit)
521 silly packumentCache full:https://registry.npmjs.org/string_decoder set size:28441 disposed:false
522 silly fetch manifest process-nextick-args@~2.0.0
523 silly packumentCache full:https://registry.npmjs.org/process-nextick-args cache-miss
524 http fetch GET 200 https://registry.npmjs.org/process-nextick-args 3ms (cache hit)
525 silly packumentCache full:https://registry.npmjs.org/process-nextick-args set size:15428 disposed:false
526 silly placeDep ROOT minimist@1.2.8 OK for: mkdirp@0.5.6 want: ^1.2.6
527 silly placeDep ROOT ee-first@1.1.1 OK for: on-finished@2.4.1 want: 1.1.1
528 silly placeDep ROOT es-define-property@1.0.1 OK for: qs@6.15.3 want: ^1.0.1
529 silly placeDep ROOT side-channel@1.1.1 OK for: qs@6.15.3 want: ^1.1.1
530 silly fetch manifest object-inspect@^1.13.4
531 silly packumentCache full:https://registry.npmjs.org/object-inspect cache-miss
532 http fetch GET 200 https://registry.npmjs.org/object-inspect 2ms (cache hit)
533 silly packumentCache full:https://registry.npmjs.org/object-inspect set size:101927 disposed:false
534 silly fetch manifest side-channel-list@^1.0.1
535 silly packumentCache full:https://registry.npmjs.org/side-channel-list cache-miss
536 http fetch GET 200 https://registry.npmjs.org/side-channel-list 2ms (cache hit)
537 silly packumentCache full:https://registry.npmjs.org/side-channel-list set size:9021 disposed:false
538 silly fetch manifest side-channel-map@^1.0.1
539 silly packumentCache full:https://registry.npmjs.org/side-channel-map cache-miss
540 http fetch GET 200 https://registry.npmjs.org/side-channel-map 3ms (cache hit)
541 silly packumentCache full:https://registry.npmjs.org/side-channel-map set size:9126 disposed:false
542 silly fetch manifest side-channel-weakmap@^1.0.2
543 silly packumentCache full:https://registry.npmjs.org/side-channel-weakmap cache-miss
544 http fetch GET 200 https://registry.npmjs.org/side-channel-weakmap 2ms (cache hit)
545 silly packumentCache full:https://registry.npmjs.org/side-channel-weakmap set size:12620 disposed:false
546 silly placeDep ROOT core-util-is@1.0.3 OK for: readable-stream@2.3.8 want: ~1.0.0
547 silly placeDep ROOT isarray@1.0.0 OK for: readable-stream@2.3.8 want: ~1.0.0
548 silly placeDep ROOT process-nextick-args@2.0.1 OK for: readable-stream@2.3.8 want: ~2.0.0
549 silly placeDep node_modules/readable-stream safe-buffer@5.1.2 OK for: readable-stream@2.3.8 want: ~5.1.1
550 silly placeDep ROOT string_decoder@1.1.1 OK for: readable-stream@2.3.8 want: ~1.1.1
551 silly fetch manifest safe-buffer@~5.1.0
552 silly packumentCache full:https://registry.npmjs.org/safe-buffer cache-hit
553 silly placeDep node_modules/send debug@2.6.9 OK for: send@0.19.2 want: 2.6.9
554 silly placeDep ROOT mime@1.6.0 OK for: send@0.19.2 want: 1.6.0
555 silly placeDep ROOT object-inspect@1.13.4 OK for: side-channel@1.1.1 want: ^1.13.4
556 silly placeDep ROOT side-channel-list@1.0.1 OK for: side-channel@1.1.1 want: ^1.0.1
557 silly placeDep ROOT side-channel-map@1.0.1 OK for: side-channel@1.1.1 want: ^1.0.1
558 silly placeDep ROOT side-channel-weakmap@1.0.2 OK for: side-channel@1.1.1 want: ^1.0.2
559 silly fetch manifest call-bound@^1.0.2
560 silly packumentCache full:https://registry.npmjs.org/call-bound cache-miss
561 http fetch GET 200 https://registry.npmjs.org/call-bound 2ms (cache hit)
562 silly packumentCache full:https://registry.npmjs.org/call-bound set size:15317 disposed:false
563 silly fetch manifest get-intrinsic@^1.2.5
564 silly packumentCache full:https://registry.npmjs.org/get-intrinsic cache-miss
565 http fetch GET 200 https://registry.npmjs.org/get-intrinsic 4ms (cache hit)
566 silly packumentCache full:https://registry.npmjs.org/get-intrinsic set size:60985 disposed:false
567 silly placeDep ROOT call-bound@1.0.4 OK for: side-channel-map@1.0.1 want: ^1.0.2
568 silly placeDep ROOT get-intrinsic@1.3.0 OK for: side-channel-map@1.0.1 want: ^1.2.5
569 silly fetch manifest call-bind-apply-helpers@^1.0.2
570 silly packumentCache full:https://registry.npmjs.org/call-bind-apply-helpers cache-miss
571 http fetch GET 200 https://registry.npmjs.org/call-bind-apply-helpers 2ms (cache hit)
572 silly packumentCache full:https://registry.npmjs.org/call-bind-apply-helpers set size:12744 disposed:false
573 silly fetch manifest get-intrinsic@^1.3.0
574 silly packumentCache full:https://registry.npmjs.org/get-intrinsic cache-hit
575 silly fetch manifest gopd@^1.2.0
576 silly packumentCache full:https://registry.npmjs.org/gopd cache-miss
577 http fetch GET 200 https://registry.npmjs.org/gopd 2ms (cache hit)
578 silly packumentCache full:https://registry.npmjs.org/gopd set size:11483 disposed:false
579 silly fetch manifest get-proto@^1.0.1
580 silly packumentCache full:https://registry.npmjs.org/get-proto cache-miss
581 http fetch GET 200 https://registry.npmjs.org/get-proto 2ms (cache hit)
582 silly packumentCache full:https://registry.npmjs.org/get-proto set size:8300 disposed:false
583 silly fetch manifest has-symbols@^1.1.0
584 silly packumentCache full:https://registry.npmjs.org/has-symbols cache-miss
585 http fetch GET 200 https://registry.npmjs.org/has-symbols 2ms (cache hit)
586 silly packumentCache full:https://registry.npmjs.org/has-symbols set size:21550 disposed:false
587 silly fetch manifest es-object-atoms@^1.1.1
588 silly packumentCache full:https://registry.npmjs.org/es-object-atoms cache-miss
589 http fetch GET 200 https://registry.npmjs.org/es-object-atoms 3ms (cache hit)
590 silly packumentCache full:https://registry.npmjs.org/es-object-atoms set size:18278 disposed:false
591 silly fetch manifest math-intrinsics@^1.1.0
592 silly packumentCache full:https://registry.npmjs.org/math-intrinsics cache-miss
593 http fetch GET 200 https://registry.npmjs.org/math-intrinsics 2ms (cache hit)
594 silly packumentCache full:https://registry.npmjs.org/math-intrinsics set size:9265 disposed:false
595 silly placeDep ROOT call-bind-apply-helpers@1.0.2 OK for: call-bound@1.0.4 want: ^1.0.2
596 silly placeDep ROOT es-object-atoms@1.1.2 OK for: get-intrinsic@1.3.0 want: ^1.1.1
597 silly placeDep ROOT get-proto@1.0.1 OK for: get-intrinsic@1.3.0 want: ^1.0.1
598 silly placeDep ROOT gopd@1.2.0 OK for: get-intrinsic@1.3.0 want: ^1.2.0
599 silly placeDep ROOT has-symbols@1.1.0 OK for: get-intrinsic@1.3.0 want: ^1.1.0
600 silly placeDep ROOT math-intrinsics@1.1.0 OK for: get-intrinsic@1.3.0 want: ^1.1.0
601 silly fetch manifest dunder-proto@^1.0.1
602 silly packumentCache full:https://registry.npmjs.org/dunder-proto cache-miss
603 http fetch GET 200 https://registry.npmjs.org/dunder-proto 2ms (cache hit)
604 silly packumentCache full:https://registry.npmjs.org/dunder-proto set size:8256 disposed:false
605 silly placeDep ROOT dunder-proto@1.0.1 OK for: get-proto@1.0.1 want: ^1.0.1
606 silly placeDep node_modules/string_decoder safe-buffer@5.1.2 OK for: string_decoder@1.1.1 want: ~5.1.0
607 silly placeDep ROOT media-typer@0.3.0 OK for: type-is@1.6.18 want: 0.3.0
608 silly placeDep node_modules/body-parser ms@2.0.0 OK for: debug@2.6.9 want: 2.0.0
609 silly placeDep node_modules/express ms@2.0.0 OK for: debug@2.6.9 want: 2.0.0
610 silly placeDep node_modules/finalhandler ms@2.0.0 OK for: debug@2.6.9 want: 2.0.0
611 silly placeDep node_modules/send/node_modules/debug ms@2.0.0 OK for: debug@2.6.9 want: 2.0.0
612 silly reify moves {}
613 silly audit bulk request {
613 silly audit   '@alloc/quick-lru': [ '5.2.0' ],
613 silly audit   '@esbuild/aix-ppc64': [ '0.28.1' ],
613 silly audit   '@esbuild/android-arm': [ '0.28.1' ],
613 silly audit   '@esbuild/android-arm64': [ '0.28.1' ],
613 silly audit   '@esbuild/android-x64': [ '0.28.1' ],
613 silly audit   '@esbuild/darwin-arm64': [ '0.28.1' ],
613 silly audit   '@esbuild/darwin-x64': [ '0.28.1' ],
613 silly audit   '@esbuild/freebsd-arm64': [ '0.28.1' ],
613 silly audit   '@esbuild/freebsd-x64': [ '0.28.1' ],
613 silly audit   '@esbuild/linux-arm': [ '0.28.1' ],
613 silly audit   '@esbuild/linux-arm64': [ '0.28.1' ],
613 silly audit   '@esbuild/linux-ia32': [ '0.28.1' ],
613 silly audit   '@esbuild/linux-loong64': [ '0.28.1' ],
613 silly audit   '@esbuild/linux-mips64el': [ '0.28.1' ],
613 silly audit   '@esbuild/linux-ppc64': [ '0.28.1' ],
613 silly audit   '@esbuild/linux-riscv64': [ '0.28.1' ],
613 silly audit   '@esbuild/linux-s390x': [ '0.28.1' ],
613 silly audit   '@esbuild/linux-x64': [ '0.28.1' ],
613 silly audit   '@esbuild/netbsd-arm64': [ '0.28.1' ],
613 silly audit   '@esbuild/netbsd-x64': [ '0.28.1' ],
613 silly audit   '@esbuild/openbsd-arm64': [ '0.28.1' ],
613 silly audit   '@esbuild/openbsd-x64': [ '0.28.1' ],
613 silly audit   '@esbuild/openharmony-arm64': [ '0.28.1' ],
613 silly audit   '@esbuild/sunos-x64': [ '0.28.1' ],
613 silly audit   '@esbuild/win32-arm64': [ '0.28.1' ],
613 silly audit   '@esbuild/win32-ia32': [ '0.28.1' ],
613 silly audit   '@esbuild/win32-x64': [ '0.28.1' ],
613 silly audit   '@google/genai': [ '2.16.0' ],
613 silly audit   '@jridgewell/gen-mapping': [ '0.3.13' ],
613 silly audit   '@jridgewell/resolve-uri': [ '3.1.2' ],
613 silly audit   '@jridgewell/sourcemap-codec': [ '1.5.5' ],
613 silly audit   '@jridgewell/trace-mapping': [ '0.3.31' ],
613 silly audit   '@nodelib/fs.scandir': [ '2.1.5' ],
613 silly audit   '@nodelib/fs.stat': [ '2.0.5' ],
613 silly audit   '@nodelib/fs.walk': [ '1.2.8' ],
613 silly audit   '@oxc-project/types': [ '0.143.0' ],
613 silly audit   '@protobufjs/aspromise': [ '1.1.2' ],
613 silly audit   '@protobufjs/base64': [ '1.1.2' ],
613 silly audit   '@protobufjs/codegen': [ '2.0.5' ],
613 silly audit   '@protobufjs/eventemitter': [ '1.1.1' ],
613 silly audit   '@protobufjs/fetch': [ '1.1.1' ],
613 silly audit   '@protobufjs/float': [ '1.0.2' ],
613 silly audit   '@protobufjs/path': [ '1.1.2' ],
613 silly audit   '@protobufjs/pool': [ '1.1.0' ],
613 silly audit   '@protobufjs/utf8': [ '1.1.2' ],
613 silly audit   '@react-leaflet/core': [ '3.0.0' ],
613 silly audit   '@rolldown/binding-android-arm64': [ '1.2.3' ],
613 silly audit   '@rolldown/binding-darwin-arm64': [ '1.2.3' ],
613 silly audit   '@rolldown/binding-darwin-x64': [ '1.2.3' ],
613 silly audit   '@rolldown/binding-freebsd-x64': [ '1.2.3' ],
613 silly audit   '@rolldown/binding-linux-arm-gnueabihf': [ '1.2.3' ],
613 silly audit   '@rolldown/binding-linux-arm64-gnu': [ '1.2.3' ],
613 silly audit   '@rolldown/binding-linux-arm64-musl': [ '1.2.3' ],
613 silly audit   '@rolldown/binding-linux-ppc64-gnu': [ '1.2.3' ],
613 silly audit   '@rolldown/binding-linux-s390x-gnu': [ '1.2.3' ],
613 silly audit   '@rolldown/binding-linux-x64-gnu': [ '1.2.3' ],
613 silly audit   '@rolldown/binding-linux-x64-musl': [ '1.2.3' ],
613 silly audit   '@rolldown/binding-openharmony-arm64': [ '1.2.3' ],
613 silly audit   '@rolldown/binding-win32-arm64-msvc': [ '1.2.3' ],
613 silly audit   '@rolldown/binding-win32-x64-msvc': [ '1.2.3' ],
613 silly audit   '@rolldown/pluginutils': [ '1.0.1', '1.0.0-beta.27' ],
613 silly audit   '@types/body-parser': [ '1.19.6' ],
613 silly audit   '@types/connect': [ '3.4.38' ],
613 silly audit   '@types/cors': [ '2.8.19' ],
613 silly audit   '@types/express': [ '5.0.6' ],
613 silly audit   '@types/express-serve-static-core': [ '5.1.3' ],
613 silly audit   '@types/geojson': [ '7946.0.16' ],
613 silly audit   '@types/http-errors': [ '2.0.5' ],
613 silly audit   '@types/leaflet': [ '1.9.22' ],
613 silly audit   '@types/qs': [ '6.15.1' ],
613 silly audit   '@types/range-parser': [ '1.2.7' ],
613 silly audit   '@types/react': [ '19.2.18' ],
613 silly audit   '@types/react-dom': [ '19.2.4' ],
613 silly audit   '@types/retry': [ '0.12.0' ],
613 silly audit   '@types/send': [ '1.2.1' ],
613 silly audit   '@types/serve-static': [ '2.2.0' ],
613 silly audit   'agent-base': [ '7.1.4' ],
613 silly audit   'any-promise': [ '1.3.0' ],
613 silly audit   anymatch: [ '3.1.3' ],
613 silly audit   picomatch: [ '2.3.2', '4.0.5' ],
613 silly audit   'append-field': [ '1.0.0' ],
613 silly audit   arg: [ '5.0.2' ],
613 silly audit   autoprefixer: [ '10.5.4' ],
613 silly audit   'base64-js': [ '1.5.1' ],
613 silly audit   'baseline-browser-mapping': [ '2.11.12' ],
613 silly audit   'bignumber.js': [ '9.3.1' ],
613 silly audit   'binary-extensions': [ '2.3.0' ],
613 silly audit   'content-type': [ '1.0.5' ],
613 silly audit   braces: [ '3.0.3' ],
613 silly audit   browserslist: [ '4.28.7' ],
613 silly audit   'buffer-equal-constant-time': [ '1.0.1' ],
613 silly audit   busboy: [ '1.6.0' ],
613 silly audit   'camelcase-css': [ '2.0.1' ],
613 silly audit   'caniuse-lite': [ '1.0.30001809' ],
613 silly audit   chokidar: [ '3.6.0' ],
613 silly audit   'glob-parent': [ '5.1.2', '6.0.2' ],
613 silly audit   clsx: [ '2.1.1' ],
613 silly audit   commander: [ '4.1.1' ],
613 silly audit   cookie: [ '0.7.2', '1.1.1' ],
613 silly audit   cors: [ '2.8.6' ],
613 silly audit   cssesc: [ '3.0.0' ],
613 silly audit   csstype: [ '3.2.3' ],
613 silly audit   'data-uri-to-buffer': [ '4.0.1' ],
613 silly audit   debug: [ '4.4.3', '2.6.9' ],
613 silly audit   'detect-libc': [ '2.1.2' ],
613 silly audit   didyoumean: [ '1.2.2' ],
613 silly audit   dlv: [ '1.1.3' ],
613 silly audit   'ecdsa-sig-formatter': [ '1.0.11' ],
613 silly audit   'electron-to-chromium': [ '1.5.402' ],
613 silly audit   'es-errors': [ '1.3.0' ],
613 silly audit   esbuild: [ '0.28.1' ],
613 silly audit   escalade: [ '3.2.0' ],
613 silly audit   extend: [ '3.0.2' ],
613 silly audit   'fast-glob': [ '3.3.3' ],
613 silly audit   fastq: [ '1.20.1' ],
613 silly audit   fdir: [ '6.5.0' ],
613 silly audit   'fetch-blob': [ '3.2.0' ],
613 silly audit   'fill-range': [ '7.1.1' ],
613 silly audit   'formdata-polyfill': [ '4.0.10' ],
613 silly audit   forwarded: [ '0.2.0' ],
613 silly audit   'fraction.js': [ '5.3.4' ],
613 silly audit   fsevents: [ '2.3.3' ],
613 silly audit   'function-bind': [ '1.1.2' ],
613 silly audit   gaxios: [ '7.3.0' ],
613 silly audit   'gcp-metadata': [ '8.1.2' ],
613 silly audit   'google-auth-library': [ '10.9.1' ],
613 silly audit   'google-logging-utils': [ '1.1.3' ],
613 silly audit   hasown: [ '2.0.4' ],
613 silly audit   'https-proxy-agent': [ '7.0.6' ],
613 silly audit   'ipaddr.js': [ '1.9.1' ],
613 silly audit   'is-binary-path': [ '2.1.0' ],
613 silly audit   'is-core-module': [ '2.16.2' ],
613 silly audit   'is-extglob': [ '2.1.1' ],
613 silly audit   'is-glob': [ '4.0.3' ],
613 silly audit   'is-number': [ '7.0.0' ],
613 silly audit   jiti: [ '1.21.7' ],
613 silly audit   'json-bigint': [ '1.0.0' ],
613 silly audit   jwa: [ '2.0.1' ],
613 silly audit   jws: [ '4.0.1' ],
613 silly audit   leaflet: [ '1.9.4' ],
613 silly audit   lightningcss: [ '1.33.0' ],
613 silly audit   'lightningcss-android-arm64': [ '1.33.0' ],
613 silly audit   'lightningcss-darwin-arm64': [ '1.33.0' ],
613 silly audit   'lightningcss-darwin-x64': [ '1.33.0' ],
613 silly audit   'lightningcss-freebsd-x64': [ '1.33.0' ],
613 silly audit   'lightningcss-linux-arm-gnueabihf': [ '1.33.0' ],
613 silly audit   'lightningcss-linux-arm64-gnu': [ '1.33.0' ],
613 silly audit   'lightningcss-linux-arm64-musl': [ '1.33.0' ],
613 silly audit   'lightningcss-linux-x64-gnu': [ '1.33.0' ],
613 silly audit   'lightningcss-linux-x64-musl': [ '1.33.0' ],
613 silly audit   'lightningcss-win32-arm64-msvc': [ '1.33.0' ],
613 silly audit   'lightningcss-win32-x64-msvc': [ '1.33.0' ],
613 silly audit   lilconfig: [ '3.1.3' ],
613 silly audit   'lines-and-columns': [ '1.2.4' ],
613 silly audit   long: [ '5.3.2' ],
613 silly audit   merge2: [ '1.4.1' ],
613 silly audit   micromatch: [ '4.0.8' ],
613 silly audit   ms: [ '2.1.3', '2.0.0' ],
613 silly audit   mz: [ '2.7.0' ],
613 silly audit   nanoid: [ '3.3.18' ],
613 silly audit   'node-domexception': [ '1.0.0' ],
613 silly audit   'node-fetch': [ '3.3.2' ],
613 silly audit   'node-releases': [ '2.0.53' ],
613 silly audit   'normalize-path': [ '3.0.0' ],
613 silly audit   'object-assign': [ '4.1.1' ],
613 silly audit   'object-hash': [ '3.0.0' ],
613 silly audit   'p-retry': [ '4.6.2' ],
613 silly audit   'path-parse': [ '1.0.7' ],
613 silly audit   picocolors: [ '1.1.1' ],
613 silly audit   pify: [ '2.3.0' ],
613 silly audit   pirates: [ '4.0.7' ],
613 silly audit   postcss: [ '8.5.26' ],
613 silly audit   'postcss-import': [ '15.1.0' ],
613 silly audit   'postcss-js': [ '4.1.0' ],
613 silly audit   'postcss-load-config': [ '4.0.2' ],
613 silly audit   'postcss-nested': [ '6.2.0' ],
613 silly audit   'postcss-selector-parser': [ '6.1.4' ],
613 silly audit   'postcss-value-parser': [ '4.2.0' ],
613 silly audit   protobufjs: [ '7.6.5' ],
613 silly audit   'proxy-addr': [ '2.0.7' ],
613 silly audit   'queue-microtask': [ '1.2.3' ],
613 silly audit   react: [ '19.2.8' ],
613 silly audit   'react-dom': [ '19.2.8' ],
613 silly audit   'react-leaflet': [ '5.0.0' ],
613 silly audit   'react-router': [ '7.18.2' ],
613 silly audit   'react-router-dom': [ '7.18.2' ],
613 silly audit   'read-cache': [ '1.0.0' ],
613 silly audit   readdirp: [ '3.6.0' ],
613 silly audit   resolve: [ '1.22.12' ],
613 silly audit   retry: [ '0.13.1' ],
613 silly audit   reusify: [ '1.1.0' ],
613 silly audit   rolldown: [ '1.2.3' ],
613 silly audit   'run-parallel': [ '1.2.0' ],
613 silly audit   'safe-buffer': [ '5.2.1', '5.1.2' ],
613 silly audit   scheduler: [ '0.27.0' ],
613 silly audit   'set-cookie-parser': [ '2.7.2' ],
613 silly audit   'source-map-js': [ '1.2.1' ],
613 silly audit   streamsearch: [ '1.1.0' ],
613 silly audit   sucrase: [ '3.35.1' ],
613 silly audit   'supports-preserve-symlinks-flag': [ '1.0.0' ],
613 silly audit   'tailwind-merge': [ '3.6.0' ],
613 silly audit   tailwindcss: [ '3.4.17' ],
613 silly audit   thenify: [ '3.3.1' ],
613 silly audit   'thenify-all': [ '1.6.0' ],
613 silly audit   tinyglobby: [ '0.2.17' ],
613 silly audit   'to-regex-range': [ '5.0.1' ],
613 silly audit   'ts-interface-checker': [ '0.1.13' ],
613 silly audit   tslib: [ '2.8.1' ],
613 silly audit   tsx: [ '4.23.11' ],
613 silly audit   'update-browserslist-db': [ '1.3.0' ],
613 silly audit   'util-deprecate': [ '1.0.2' ],
613 silly audit   vary: [ '1.1.2' ],
613 silly audit   vite: [ '8.2.1' ],
613 silly audit   'web-streams-polyfill': [ '3.3.3' ],
613 silly audit   ws: [ '8.21.3' ],
613 silly audit   yaml: [ '2.9.0' ],
613 silly audit   '@types/multer': [ '1.4.13' ],
613 silly audit   '@types/node': [ '22.20.1' ],
613 silly audit   '@vitejs/plugin-react': [ '4.7.0' ],
613 silly audit   dotenv: [ '16.6.1' ],
613 silly audit   express: [ '4.22.2' ],
613 silly audit   'framer-motion': [ '12.43.0' ],
613 silly audit   'lucide-react': [ '0.475.0' ],
613 silly audit   multer: [ '1.4.5-lts.2' ],
613 silly audit   'type-is': [ '1.6.18' ],
613 silly audit   typescript: [ '5.9.3' ],
613 silly audit   'undici-types': [ '6.21.0' ],
613 silly audit   '@babel/core': [ '7.29.7' ],
613 silly audit   '@babel/plugin-transform-react-jsx-self': [ '7.29.7' ],
613 silly audit   '@babel/plugin-transform-react-jsx-source': [ '7.29.7' ],
613 silly audit   '@types/babel__core': [ '7.20.5' ],
613 silly audit   'react-refresh': [ '0.17.0' ],
613 silly audit   '@babel/code-frame': [ '7.29.7' ],
613 silly audit   '@babel/generator': [ '7.29.8' ],
613 silly audit   '@babel/helper-compilation-targets': [ '7.29.7' ],
613 silly audit   '@babel/helper-module-transforms': [ '7.29.7' ],
613 silly audit   '@babel/helpers': [ '7.29.7' ],
613 silly audit   '@babel/parser': [ '7.29.8' ],
613 silly audit   '@babel/template': [ '7.29.7' ],
613 silly audit   '@babel/traverse': [ '7.29.8' ],
613 silly audit   '@babel/types': [ '7.29.8' ],
613 silly audit   '@jridgewell/remapping': [ '2.3.5' ],
613 silly audit   'convert-source-map': [ '2.0.0' ],
613 silly audit   gensync: [ '1.0.0-beta.2' ],
613 silly audit   json5: [ '2.2.3' ],
613 silly audit   semver: [ '6.3.1' ],
613 silly audit   '@babel/helper-validator-identifier': [ '7.29.7' ],
613 silly audit   'js-tokens': [ '4.0.0' ],
613 silly audit   jsesc: [ '3.1.0' ],
613 silly audit   '@babel/compat-data': [ '7.29.7' ],
613 silly audit   '@babel/helper-validator-option': [ '7.29.7' ],
613 silly audit   'lru-cache': [ '5.1.1' ],
613 silly audit   '@babel/helper-module-imports': [ '7.29.7' ],
613 silly audit   '@babel/helper-plugin-utils': [ '7.29.7' ],
613 silly audit   '@babel/helper-globals': [ '7.29.7' ],
613 silly audit   '@babel/helper-string-parser': [ '7.29.7' ],
613 silly audit   '@types/babel__generator': [ '7.27.0' ],
613 silly audit   '@types/babel__template': [ '7.4.4' ],
613 silly audit   '@types/babel__traverse': [ '7.28.0' ],
613 silly audit   accepts: [ '1.3.8' ],
613 silly audit   'array-flatten': [ '1.1.1' ],
613 silly audit   'body-parser': [ '1.20.6' ],
613 silly audit   'content-disposition': [ '0.5.4' ],
613 silly audit   'cookie-signature': [ '1.0.7' ],
613 silly audit   depd: [ '2.0.0' ],
613 silly audit   encodeurl: [ '2.0.0' ],
613 silly audit   'escape-html': [ '1.0.3' ],
613 silly audit   etag: [ '1.8.1' ],
613 silly audit   finalhandler: [ '1.3.2' ],
613 silly audit   fresh: [ '0.5.2' ],
613 silly audit   'http-errors': [ '2.0.1' ],
613 silly audit   'merge-descriptors': [ '1.0.3' ],
613 silly audit   methods: [ '1.1.2' ],
613 silly audit   'on-finished': [ '2.4.1' ],
613 silly audit   parseurl: [ '1.3.3' ],
613 silly audit   'path-to-regexp': [ '0.1.13' ],
613 silly audit   qs: [ '6.15.3' ],
613 silly audit   'range-parser': [ '1.2.1' ],
613 silly audit   send: [ '0.19.2' ],
613 silly audit   'serve-static': [ '1.16.3' ],
613 silly audit   setprototypeof: [ '1.2.0' ],
613 silly audit   statuses: [ '2.0.2' ],
613 silly audit   'utils-merge': [ '1.0.1' ],
613 silly audit   'mime-types': [ '2.1.35' ],
613 silly audit   negotiator: [ '0.6.3' ],
613 silly audit   bytes: [ '3.1.2' ],
613 silly audit   destroy: [ '1.2.0' ],
613 silly audit   'iconv-lite': [ '0.4.24' ],
613 silly audit   'raw-body': [ '2.5.3' ],
613 silly audit   unpipe: [ '1.0.0' ],
613 silly audit   'motion-dom': [ '12.43.0' ],
613 silly audit   'motion-utils': [ '12.39.0' ],
613 silly audit   inherits: [ '2.0.4' ],
613 silly audit   toidentifier: [ '1.0.1' ],
613 silly audit   'safer-buffer': [ '2.1.2' ],
613 silly audit   yallist: [ '3.1.1' ],
613 silly audit   'mime-db': [ '1.52.0' ],
613 silly audit   'concat-stream': [ '1.6.2' ],
613 silly audit   mkdirp: [ '0.5.6' ],
613 silly audit   xtend: [ '4.0.2' ],
613 silly audit   'buffer-from': [ '1.1.2' ],
613 silly audit   'readable-stream': [ '2.3.8' ],
613 silly audit   typedarray: [ '0.0.6' ],
613 silly audit   minimist: [ '1.2.8' ],
613 silly audit   'ee-first': [ '1.1.1' ],
613 silly audit   'es-define-property': [ '1.0.1' ],
613 silly audit   'side-channel': [ '1.1.1' ],
613 silly audit   'core-util-is': [ '1.0.3' ],
613 silly audit   isarray: [ '1.0.0' ],
613 silly audit   'process-nextick-args': [ '2.0.1' ],
613 silly audit   string_decoder: [ '1.1.1' ],
613 silly audit   mime: [ '1.6.0' ],
613 silly audit   'object-inspect': [ '1.13.4' ],
613 silly audit   'side-channel-list': [ '1.0.1' ],
613 silly audit   'side-channel-map': [ '1.0.1' ],
613 silly audit   'side-channel-weakmap': [ '1.0.2' ],
613 silly audit   'call-bound': [ '1.0.4' ],
613 silly audit   'get-intrinsic': [ '1.3.0' ],
613 silly audit   'call-bind-apply-helpers': [ '1.0.2' ],
613 silly audit   'es-object-atoms': [ '1.1.2' ],
613 silly audit   'get-proto': [ '1.0.1' ],
613 silly audit   gopd: [ '1.2.0' ],
613 silly audit   'has-symbols': [ '1.1.0' ],
613 silly audit   'math-intrinsics': [ '1.1.0' ],
613 silly audit   'dunder-proto': [ '1.0.1' ],
613 silly audit   'media-typer': [ '0.3.0' ]
613 silly audit }
614 verbose reify failed optional dependency /home/user/node_modules/lightningcss-win32-x64-msvc
615 silly reify mark deleted [ '/home/user/node_modules/lightningcss-win32-x64-msvc' ]
616 verbose reify failed optional dependency /home/user/node_modules/lightningcss-win32-arm64-msvc
617 silly reify mark deleted [ '/home/user/node_modules/lightningcss-win32-arm64-msvc' ]
618 verbose reify failed optional dependency /home/user/node_modules/lightningcss-linux-arm64-musl
619 silly reify mark deleted [ '/home/user/node_modules/lightningcss-linux-arm64-musl' ]
620 verbose reify failed optional dependency /home/user/node_modules/lightningcss-linux-arm64-gnu
621 silly reify mark deleted [ '/home/user/node_modules/lightningcss-linux-arm64-gnu' ]
622 verbose reify failed optional dependency /home/user/node_modules/lightningcss-linux-arm-gnueabihf
623 silly reify mark deleted [ '/home/user/node_modules/lightningcss-linux-arm-gnueabihf' ]
624 verbose reify failed optional dependency /home/user/node_modules/lightningcss-freebsd-x64
625 silly reify mark deleted [ '/home/user/node_modules/lightningcss-freebsd-x64' ]
626 verbose reify failed optional dependency /home/user/node_modules/lightningcss-darwin-x64
627 silly reify mark deleted [ '/home/user/node_modules/lightningcss-darwin-x64' ]
628 verbose reify failed optional dependency /home/user/node_modules/lightningcss-darwin-arm64
629 silly reify mark deleted [ '/home/user/node_modules/lightningcss-darwin-arm64' ]
630 verbose reify failed optional dependency /home/user/node_modules/lightningcss-android-arm64
631 silly reify mark deleted [ '/home/user/node_modules/lightningcss-android-arm64' ]
632 verbose reify failed optional dependency /home/user/node_modules/fsevents
633 silly reify mark deleted [ '/home/user/node_modules/fsevents' ]
634 verbose reify failed optional dependency /home/user/node_modules/@rolldown/binding-win32-x64-msvc
635 silly reify mark deleted [ '/home/user/node_modules/@rolldown/binding-win32-x64-msvc' ]
636 verbose reify failed optional dependency /home/user/node_modules/@rolldown/binding-win32-arm64-msvc
637 silly reify mark deleted [ '/home/user/node_modules/@rolldown/binding-win32-arm64-msvc' ]
638 verbose reify failed optional dependency /home/user/node_modules/@rolldown/binding-openharmony-arm64
639 silly reify mark deleted [ '/home/user/node_modules/@rolldown/binding-openharmony-arm64' ]
640 verbose reify failed optional dependency /home/user/node_modules/@rolldown/binding-linux-s390x-gnu
641 silly reify mark deleted [ '/home/user/node_modules/@rolldown/binding-linux-s390x-gnu' ]
642 verbose reify failed optional dependency /home/user/node_modules/@rolldown/binding-linux-ppc64-gnu
643 silly reify mark deleted [ '/home/user/node_modules/@rolldown/binding-linux-ppc64-gnu' ]
644 verbose reify failed optional dependency /home/user/node_modules/@rolldown/binding-linux-arm64-musl
645 silly reify mark deleted [ '/home/user/node_modules/@rolldown/binding-linux-arm64-musl' ]
646 verbose reify failed optional dependency /home/user/node_modules/@rolldown/binding-linux-arm64-gnu
647 silly reify mark deleted [ '/home/user/node_modules/@rolldown/binding-linux-arm64-gnu' ]
648 verbose reify failed optional dependency /home/user/node_modules/@rolldown/binding-linux-arm-gnueabihf
649 silly reify mark deleted [ '/home/user/node_modules/@rolldown/binding-linux-arm-gnueabihf' ]
650 verbose reify failed optional dependency /home/user/node_modules/@rolldown/binding-freebsd-x64
651 silly reify mark deleted [ '/home/user/node_modules/@rolldown/binding-freebsd-x64' ]
652 verbose reify failed optional dependency /home/user/node_modules/@rolldown/binding-darwin-x64
653 silly reify mark deleted [ '/home/user/node_modules/@rolldown/binding-darwin-x64' ]
654 verbose reify failed optional dependency /home/user/node_modules/@rolldown/binding-darwin-arm64
655 silly reify mark deleted [ '/home/user/node_modules/@rolldown/binding-darwin-arm64' ]
656 verbose reify failed optional dependency /home/user/node_modules/@rolldown/binding-android-arm64
657 silly reify mark deleted [ '/home/user/node_modules/@rolldown/binding-android-arm64' ]
658 verbose reify failed optional dependency /home/user/node_modules/@esbuild/win32-x64
659 silly reify mark deleted [ '/home/user/node_modules/@esbuild/win32-x64' ]
660 verbose reify failed optional dependency /home/user/node_modules/@esbuild/win32-ia32
661 silly reify mark deleted [ '/home/user/node_modules/@esbuild/win32-ia32' ]
662 verbose reify failed optional dependency /home/user/node_modules/@esbuild/win32-arm64
663 silly reify mark deleted [ '/home/user/node_modules/@esbuild/win32-arm64' ]
664 verbose reify failed optional dependency /home/user/node_modules/@esbuild/sunos-x64
665 silly reify mark deleted [ '/home/user/node_modules/@esbuild/sunos-x64' ]
666 verbose reify failed optional dependency /home/user/node_modules/@esbuild/openharmony-arm64
667 silly reify mark deleted [ '/home/user/node_modules/@esbuild/openharmony-arm64' ]
668 verbose reify failed optional dependency /home/user/node_modules/@esbuild/openbsd-x64
669 silly reify mark deleted [ '/home/user/node_modules/@esbuild/openbsd-x64' ]
670 verbose reify failed optional dependency /home/user/node_modules/@esbuild/openbsd-arm64
671 silly reify mark deleted [ '/home/user/node_modules/@esbuild/openbsd-arm64' ]
672 verbose reify failed optional dependency /home/user/node_modules/@esbuild/netbsd-x64
673 silly reify mark deleted [ '/home/user/node_modules/@esbuild/netbsd-x64' ]
674 verbose reify failed optional dependency /home/user/node_modules/@esbuild/netbsd-arm64
675 silly reify mark deleted [ '/home/user/node_modules/@esbuild/netbsd-arm64' ]
676 verbose reify failed optional dependency /home/user/node_modules/@esbuild/linux-s390x
677 silly reify mark deleted [ '/home/user/node_modules/@esbuild/linux-s390x' ]
678 verbose reify failed optional dependency /home/user/node_modules/@esbuild/linux-riscv64
679 silly reify mark deleted [ '/home/user/node_modules/@esbuild/linux-riscv64' ]
680 verbose reify failed optional dependency /home/user/node_modules/@esbuild/linux-ppc64
681 silly reify mark deleted [ '/home/user/node_modules/@esbuild/linux-ppc64' ]
682 verbose reify failed optional dependency /home/user/node_modules/@esbuild/linux-mips64el
683 silly reify mark deleted [ '/home/user/node_modules/@esbuild/linux-mips64el' ]
684 verbose reify failed optional dependency /home/user/node_modules/@esbuild/linux-loong64
685 silly reify mark deleted [ '/home/user/node_modules/@esbuild/linux-loong64' ]
686 verbose reify failed optional dependency /home/user/node_modules/@esbuild/linux-ia32
687 silly reify mark deleted [ '/home/user/node_modules/@esbuild/linux-ia32' ]
688 verbose reify failed optional dependency /home/user/node_modules/@esbuild/linux-arm64
689 silly reify mark deleted [ '/home/user/node_modules/@esbuild/linux-arm64' ]
690 verbose reify failed optional dependency /home/user/node_modules/@esbuild/linux-arm
691 silly reify mark deleted [ '/home/user/node_modules/@esbuild/linux-arm' ]
692 verbose reify failed optional dependency /home/user/node_modules/@esbuild/freebsd-x64
693 silly reify mark deleted [ '/home/user/node_modules/@esbuild/freebsd-x64' ]
694 verbose reify failed optional dependency /home/user/node_modules/@esbuild/freebsd-arm64
695 silly reify mark deleted [ '/home/user/node_modules/@esbuild/freebsd-arm64' ]
696 verbose reify failed optional dependency /home/user/node_modules/@esbuild/darwin-x64
697 silly reify mark deleted [ '/home/user/node_modules/@esbuild/darwin-x64' ]
698 verbose reify failed optional dependency /home/user/node_modules/@esbuild/darwin-arm64
699 silly reify mark deleted [ '/home/user/node_modules/@esbuild/darwin-arm64' ]
700 verbose reify failed optional dependency /home/user/node_modules/@esbuild/android-x64
701 silly reify mark deleted [ '/home/user/node_modules/@esbuild/android-x64' ]
702 verbose reify failed optional dependency /home/user/node_modules/@esbuild/android-arm64
703 silly reify mark deleted [ '/home/user/node_modules/@esbuild/android-arm64' ]
704 verbose reify failed optional dependency /home/user/node_modules/@esbuild/android-arm
705 silly reify mark deleted [ '/home/user/node_modules/@esbuild/android-arm' ]
706 verbose reify failed optional dependency /home/user/node_modules/@esbuild/aix-ppc64
707 silly reify mark deleted [ '/home/user/node_modules/@esbuild/aix-ppc64' ]
708 silly tarball no local data for media-typer@https://registry.npmjs.org/media-typer/-/media-typer-0.3.0.tgz. Extracting by manifest.
709 silly tarball no local data for dunder-proto@https://registry.npmjs.org/dunder-proto/-/dunder-proto-1.0.1.tgz. Extracting by manifest.
710 silly tarball no local data for math-intrinsics@https://registry.npmjs.org/math-intrinsics/-/math-intrinsics-1.1.0.tgz. Extracting by manifest.
711 silly tarball no local data for has-symbols@https://registry.npmjs.org/has-symbols/-/has-symbols-1.1.0.tgz. Extracting by manifest.
712 silly tarball no local data for gopd@https://registry.npmjs.org/gopd/-/gopd-1.2.0.tgz. Extracting by manifest.
713 silly tarball no local data for get-proto@https://registry.npmjs.org/get-proto/-/get-proto-1.0.1.tgz. Extracting by manifest.
714 silly tarball no local data for es-object-atoms@https://registry.npmjs.org/es-object-atoms/-/es-object-atoms-1.1.2.tgz. Extracting by manifest.
715 silly tarball no local data for call-bind-apply-helpers@https://registry.npmjs.org/call-bind-apply-helpers/-/call-bind-apply-helpers-1.0.2.tgz. Extracting by manifest.
716 silly tarball no local data for get-intrinsic@https://registry.npmjs.org/get-intrinsic/-/get-intrinsic-1.3.0.tgz. Extracting by manifest.
717 silly tarball no local data for call-bound@https://registry.npmjs.org/call-bound/-/call-bound-1.0.4.tgz. Extracting by manifest.
718 silly tarball no local data for side-channel-weakmap@https://registry.npmjs.org/side-channel-weakmap/-/side-channel-weakmap-1.0.2.tgz. Extracting by manifest.
719 silly tarball no local data for side-channel-map@https://registry.npmjs.org/side-channel-map/-/side-channel-map-1.0.1.tgz. Extracting by manifest.
720 silly tarball no local data for side-channel-list@https://registry.npmjs.org/side-channel-list/-/side-channel-list-1.0.1.tgz. Extracting by manifest.
721 silly tarball no local data for object-inspect@https://registry.npmjs.org/object-inspect/-/object-inspect-1.13.4.tgz. Extracting by manifest.
722 silly tarball no local data for mime@https://registry.npmjs.org/mime/-/mime-1.6.0.tgz. Extracting by manifest.
723 silly tarball no local data for string_decoder@https://registry.npmjs.org/string_decoder/-/string_decoder-1.1.1.tgz. Extracting by manifest.
724 silly tarball no local data for process-nextick-args@https://registry.npmjs.org/process-nextick-args/-/process-nextick-args-2.0.1.tgz. Extracting by manifest.
725 silly tarball no local data for isarray@https://registry.npmjs.org/isarray/-/isarray-1.0.0.tgz. Extracting by manifest.
726 silly tarball no local data for core-util-is@https://registry.npmjs.org/core-util-is/-/core-util-is-1.0.3.tgz. Extracting by manifest.
727 silly tarball no local data for side-channel@https://registry.npmjs.org/side-channel/-/side-channel-1.1.1.tgz. Extracting by manifest.
728 silly tarball no local data for es-define-property@https://registry.npmjs.org/es-define-property/-/es-define-property-1.0.1.tgz. Extracting by manifest.
729 silly tarball no local data for ee-first@https://registry.npmjs.org/ee-first/-/ee-first-1.1.1.tgz. Extracting by manifest.
730 silly tarball no local data for minimist@https://registry.npmjs.org/minimist/-/minimist-1.2.8.tgz. Extracting by manifest.
731 silly tarball no local data for typedarray@https://registry.npmjs.org/typedarray/-/typedarray-0.0.6.tgz. Extracting by manifest.
732 silly tarball no local data for readable-stream@https://registry.npmjs.org/readable-stream/-/readable-stream-2.3.8.tgz. Extracting by manifest.
733 silly tarball no local data for buffer-from@https://registry.npmjs.org/buffer-from/-/buffer-from-1.1.2.tgz. Extracting by manifest.
734 silly tarball no local data for xtend@https://registry.npmjs.org/xtend/-/xtend-4.0.2.tgz. Extracting by manifest.
735 silly tarball no local data for mkdirp@https://registry.npmjs.org/mkdirp/-/mkdirp-0.5.6.tgz. Extracting by manifest.
736 silly tarball no local data for concat-stream@https://registry.npmjs.org/concat-stream/-/concat-stream-1.6.2.tgz. Extracting by manifest.
737 silly tarball no local data for mime-db@https://registry.npmjs.org/mime-db/-/mime-db-1.52.0.tgz. Extracting by manifest.
738 silly tarball no local data for yallist@https://registry.npmjs.org/yallist/-/yallist-3.1.1.tgz. Extracting by manifest.
739 silly tarball no local data for safer-buffer@https://registry.npmjs.org/safer-buffer/-/safer-buffer-2.1.2.tgz. Extracting by manifest.
740 silly tarball no local data for toidentifier@https://registry.npmjs.org/toidentifier/-/toidentifier-1.0.1.tgz. Extracting by manifest.
741 silly tarball no local data for inherits@https://registry.npmjs.org/inherits/-/inherits-2.0.4.tgz. Extracting by manifest.
742 silly tarball no local data for motion-utils@https://registry.npmjs.org/motion-utils/-/motion-utils-12.39.0.tgz. Extracting by manifest.
743 silly tarball no local data for motion-dom@https://registry.npmjs.org/motion-dom/-/motion-dom-12.43.0.tgz. Extracting by manifest.
744 silly tarball no local data for unpipe@https://registry.npmjs.org/unpipe/-/unpipe-1.0.0.tgz. Extracting by manifest.
745 silly tarball no local data for raw-body@https://registry.npmjs.org/raw-body/-/raw-body-2.5.3.tgz. Extracting by manifest.
746 silly tarball no local data for iconv-lite@https://registry.npmjs.org/iconv-lite/-/iconv-lite-0.4.24.tgz. Extracting by manifest.
747 silly tarball no local data for destroy@https://registry.npmjs.org/destroy/-/destroy-1.2.0.tgz. Extracting by manifest.
748 silly tarball no local data for bytes@https://registry.npmjs.org/bytes/-/bytes-3.1.2.tgz. Extracting by manifest.
749 silly tarball no local data for negotiator@https://registry.npmjs.org/negotiator/-/negotiator-0.6.3.tgz. Extracting by manifest.
750 silly tarball no local data for mime-types@https://registry.npmjs.org/mime-types/-/mime-types-2.1.35.tgz. Extracting by manifest.
751 silly tarball no local data for utils-merge@https://registry.npmjs.org/utils-merge/-/utils-merge-1.0.1.tgz. Extracting by manifest.
752 silly tarball no local data for type-is@https://registry.npmjs.org/type-is/-/type-is-1.6.18.tgz. Extracting by manifest.
753 silly tarball no local data for statuses@https://registry.npmjs.org/statuses/-/statuses-2.0.2.tgz. Extracting by manifest.
754 silly tarball no local data for setprototypeof@https://registry.npmjs.org/setprototypeof/-/setprototypeof-1.2.0.tgz. Extracting by manifest.
755 silly tarball no local data for serve-static@https://registry.npmjs.org/serve-static/-/serve-static-1.16.3.tgz. Extracting by manifest.
756 silly tarball no local data for send@https://registry.npmjs.org/send/-/send-0.19.2.tgz. Extracting by manifest.
757 silly tarball no local data for range-parser@https://registry.npmjs.org/range-parser/-/range-parser-1.2.1.tgz. Extracting by manifest.
758 silly tarball no local data for qs@https://registry.npmjs.org/qs/-/qs-6.15.3.tgz. Extracting by manifest.
759 silly tarball no local data for path-to-regexp@https://registry.npmjs.org/path-to-regexp/-/path-to-regexp-0.1.13.tgz. Extracting by manifest.
760 silly tarball no local data for parseurl@https://registry.npmjs.org/parseurl/-/parseurl-1.3.3.tgz. Extracting by manifest.
761 silly tarball no local data for on-finished@https://registry.npmjs.org/on-finished/-/on-finished-2.4.1.tgz. Extracting by manifest.
762 silly tarball no local data for methods@https://registry.npmjs.org/methods/-/methods-1.1.2.tgz. Extracting by manifest.
763 silly tarball no local data for merge-descriptors@https://registry.npmjs.org/merge-descriptors/-/merge-descriptors-1.0.3.tgz. Extracting by manifest.
764 silly tarball no local data for http-errors@https://registry.npmjs.org/http-errors/-/http-errors-2.0.1.tgz. Extracting by manifest.
765 silly tarball no local data for fresh@https://registry.npmjs.org/fresh/-/fresh-0.5.2.tgz. Extracting by manifest.
766 silly tarball no local data for finalhandler@https://registry.npmjs.org/finalhandler/-/finalhandler-1.3.2.tgz. Extracting by manifest.
767 silly tarball no local data for etag@https://registry.npmjs.org/etag/-/etag-1.8.1.tgz. Extracting by manifest.
768 silly tarball no local data for escape-html@https://registry.npmjs.org/escape-html/-/escape-html-1.0.3.tgz. Extracting by manifest.
769 silly tarball no local data for encodeurl@https://registry.npmjs.org/encodeurl/-/encodeurl-2.0.0.tgz. Extracting by manifest.
770 silly tarball no local data for depd@https://registry.npmjs.org/depd/-/depd-2.0.0.tgz. Extracting by manifest.
771 silly tarball no local data for cookie-signature@https://registry.npmjs.org/cookie-signature/-/cookie-signature-1.0.7.tgz. Extracting by manifest.
772 silly tarball no local data for content-disposition@https://registry.npmjs.org/content-disposition/-/content-disposition-0.5.4.tgz. Extracting by manifest.
773 silly tarball no local data for body-parser@https://registry.npmjs.org/body-parser/-/body-parser-1.20.6.tgz. Extracting by manifest.
774 silly tarball no local data for array-flatten@https://registry.npmjs.org/array-flatten/-/array-flatten-1.1.1.tgz. Extracting by manifest.
775 silly tarball no local data for accepts@https://registry.npmjs.org/accepts/-/accepts-1.3.8.tgz. Extracting by manifest.
776 silly tarball no local data for @types/babel__traverse@https://registry.npmjs.org/@types/babel__traverse/-/babel__traverse-7.28.0.tgz. Extracting by manifest.
777 silly tarball no local data for @types/babel__template@https://registry.npmjs.org/@types/babel__template/-/babel__template-7.4.4.tgz. Extracting by manifest.
778 silly tarball no local data for @types/babel__generator@https://registry.npmjs.org/@types/babel__generator/-/babel__generator-7.27.0.tgz. Extracting by manifest.
779 silly tarball no local data for @babel/helper-string-parser@https://registry.npmjs.org/@babel/helper-string-parser/-/helper-string-parser-7.29.7.tgz. Extracting by manifest.
780 silly tarball no local data for @babel/helper-globals@https://registry.npmjs.org/@babel/helper-globals/-/helper-globals-7.29.7.tgz. Extracting by manifest.
781 silly tarball no local data for @babel/helper-plugin-utils@https://registry.npmjs.org/@babel/helper-plugin-utils/-/helper-plugin-utils-7.29.7.tgz. Extracting by manifest.
782 silly tarball no local data for @babel/helper-module-imports@https://registry.npmjs.org/@babel/helper-module-imports/-/helper-module-imports-7.29.7.tgz. Extracting by manifest.
783 silly tarball no local data for lru-cache@https://registry.npmjs.org/lru-cache/-/lru-cache-5.1.1.tgz. Extracting by manifest.
784 silly tarball no local data for @babel/helper-validator-option@https://registry.npmjs.org/@babel/helper-validator-option/-/helper-validator-option-7.29.7.tgz. Extracting by manifest.
785 silly tarball no local data for @babel/compat-data@https://registry.npmjs.org/@babel/compat-data/-/compat-data-7.29.7.tgz. Extracting by manifest.
786 silly tarball no local data for jsesc@https://registry.npmjs.org/jsesc/-/jsesc-3.1.0.tgz. Extracting by manifest.
787 silly tarball no local data for js-tokens@https://registry.npmjs.org/js-tokens/-/js-tokens-4.0.0.tgz. Extracting by manifest.
788 silly tarball no local data for @babel/helper-validator-identifier@https://registry.npmjs.org/@babel/helper-validator-identifier/-/helper-validator-identifier-7.29.7.tgz. Extracting by manifest.
789 silly tarball no local data for semver@https://registry.npmjs.org/semver/-/semver-6.3.1.tgz. Extracting by manifest.
790 silly tarball no local data for json5@https://registry.npmjs.org/json5/-/json5-2.2.3.tgz. Extracting by manifest.
791 silly tarball no local data for gensync@https://registry.npmjs.org/gensync/-/gensync-1.0.0-beta.2.tgz. Extracting by manifest.
792 silly tarball no local data for convert-source-map@https://registry.npmjs.org/convert-source-map/-/convert-source-map-2.0.0.tgz. Extracting by manifest.
793 silly tarball no local data for @jridgewell/remapping@https://registry.npmjs.org/@jridgewell/remapping/-/remapping-2.3.5.tgz. Extracting by manifest.
794 silly tarball no local data for @babel/types@https://registry.npmjs.org/@babel/types/-/types-7.29.8.tgz. Extracting by manifest.
795 silly tarball no local data for @babel/traverse@https://registry.npmjs.org/@babel/traverse/-/traverse-7.29.8.tgz. Extracting by manifest.
796 silly tarball no local data for @babel/template@https://registry.npmjs.org/@babel/template/-/template-7.29.7.tgz. Extracting by manifest.
797 silly tarball no local data for @babel/parser@https://registry.npmjs.org/@babel/parser/-/parser-7.29.8.tgz. Extracting by manifest.
798 silly tarball no local data for @babel/helpers@https://registry.npmjs.org/@babel/helpers/-/helpers-7.29.7.tgz. Extracting by manifest.
799 silly tarball no local data for @babel/helper-module-transforms@https://registry.npmjs.org/@babel/helper-module-transforms/-/helper-module-transforms-7.29.7.tgz. Extracting by manifest.
800 silly tarball no local data for @babel/helper-compilation-targets@https://registry.npmjs.org/@babel/helper-compilation-targets/-/helper-compilation-targets-7.29.7.tgz. Extracting by manifest.
801 silly tarball no local data for @babel/generator@https://registry.npmjs.org/@babel/generator/-/generator-7.29.8.tgz. Extracting by manifest.
802 silly tarball no local data for @babel/code-frame@https://registry.npmjs.org/@babel/code-frame/-/code-frame-7.29.7.tgz. Extracting by manifest.
803 silly tarball no local data for react-refresh@https://registry.npmjs.org/react-refresh/-/react-refresh-0.17.0.tgz. Extracting by manifest.
804 silly tarball no local data for @types/babel__core@https://registry.npmjs.org/@types/babel__core/-/babel__core-7.20.5.tgz. Extracting by manifest.
805 silly tarball no local data for @babel/plugin-transform-react-jsx-source@https://registry.npmjs.org/@babel/plugin-transform-react-jsx-source/-/plugin-transform-react-jsx-source-7.29.7.tgz. Extracting by manifest.
806 silly tarball no local data for @babel/plugin-transform-react-jsx-self@https://registry.npmjs.org/@babel/plugin-transform-react-jsx-self/-/plugin-transform-react-jsx-self-7.29.7.tgz. Extracting by manifest.
807 silly tarball no local data for @babel/core@https://registry.npmjs.org/@babel/core/-/core-7.29.7.tgz. Extracting by manifest.
808 silly tarball no local data for undici-types@https://registry.npmjs.org/undici-types/-/undici-types-6.21.0.tgz. Extracting by manifest.
809 silly tarball no local data for typescript@https://registry.npmjs.org/typescript/-/typescript-5.9.3.tgz. Extracting by manifest.
810 silly tarball no local data for multer@https://registry.npmjs.org/multer/-/multer-1.4.5-lts.2.tgz. Extracting by manifest.
811 silly tarball no local data for lucide-react@https://registry.npmjs.org/lucide-react/-/lucide-react-0.475.0.tgz. Extracting by manifest.
812 silly tarball no local data for framer-motion@https://registry.npmjs.org/framer-motion/-/framer-motion-12.43.0.tgz. Extracting by manifest.
813 silly tarball no local data for express@https://registry.npmjs.org/express/-/express-4.22.2.tgz. Extracting by manifest.
814 silly tarball no local data for dotenv@https://registry.npmjs.org/dotenv/-/dotenv-16.6.1.tgz. Extracting by manifest.
815 silly tarball no local data for @vitejs/plugin-react@https://registry.npmjs.org/@vitejs/plugin-react/-/plugin-react-4.7.0.tgz. Extracting by manifest.
816 silly tarball no local data for @types/node@https://registry.npmjs.org/@types/node/-/node-22.20.1.tgz. Extracting by manifest.
817 silly tarball no local data for @types/multer@https://registry.npmjs.org/@types/multer/-/multer-1.4.13.tgz. Extracting by manifest.
818 silly tarball no local data for yaml@https://registry.npmjs.org/yaml/-/yaml-2.9.0.tgz. Extracting by manifest.
819 silly tarball no local data for ws@https://registry.npmjs.org/ws/-/ws-8.21.3.tgz. Extracting by manifest.
820 silly tarball no local data for web-streams-polyfill@https://registry.npmjs.org/web-streams-polyfill/-/web-streams-polyfill-3.3.3.tgz. Extracting by manifest.
821 silly tarball no local data for vite@https://registry.npmjs.org/vite/-/vite-8.2.1.tgz. Extracting by manifest.
822 silly tarball no local data for vary@https://registry.npmjs.org/vary/-/vary-1.1.2.tgz. Extracting by manifest.
823 silly tarball no local data for util-deprecate@https://registry.npmjs.org/util-deprecate/-/util-deprecate-1.0.2.tgz. Extracting by manifest.
824 silly tarball no local data for update-browserslist-db@https://registry.npmjs.org/update-browserslist-db/-/update-browserslist-db-1.3.0.tgz. Extracting by manifest.
825 silly tarball no local data for tslib@https://registry.npmjs.org/tslib/-/tslib-2.8.1.tgz. Extracting by manifest.
826 silly tarball no local data for ts-interface-checker@https://registry.npmjs.org/ts-interface-checker/-/ts-interface-checker-0.1.13.tgz. Extracting by manifest.
827 silly tarball no local data for to-regex-range@https://registry.npmjs.org/to-regex-range/-/to-regex-range-5.0.1.tgz. Extracting by manifest.
828 silly tarball no local data for tinyglobby@https://registry.npmjs.org/tinyglobby/-/tinyglobby-0.2.17.tgz. Extracting by manifest.
829 silly tarball no local data for thenify-all@https://registry.npmjs.org/thenify-all/-/thenify-all-1.6.0.tgz. Extracting by manifest.
830 silly tarball no local data for thenify@https://registry.npmjs.org/thenify/-/thenify-3.3.1.tgz. Extracting by manifest.
831 silly tarball no local data for tailwindcss@https://registry.npmjs.org/tailwindcss/-/tailwindcss-3.4.17.tgz. Extracting by manifest.
832 silly tarball no local data for tailwind-merge@https://registry.npmjs.org/tailwind-merge/-/tailwind-merge-3.6.0.tgz. Extracting by manifest.
833 silly tarball no local data for supports-preserve-symlinks-flag@https://registry.npmjs.org/supports-preserve-symlinks-flag/-/supports-preserve-symlinks-flag-1.0.0.tgz. Extracting by manifest.
834 silly tarball no local data for sucrase@https://registry.npmjs.org/sucrase/-/sucrase-3.35.1.tgz. Extracting by manifest.
835 silly tarball no local data for streamsearch@https://registry.npmjs.org/streamsearch/-/streamsearch-1.1.0.tgz. Extracting by manifest.
836 silly tarball no local data for source-map-js@https://registry.npmjs.org/source-map-js/-/source-map-js-1.2.1.tgz. Extracting by manifest.
837 silly tarball no local data for set-cookie-parser@https://registry.npmjs.org/set-cookie-parser/-/set-cookie-parser-2.7.2.tgz. Extracting by manifest.
838 silly tarball no local data for scheduler@https://registry.npmjs.org/scheduler/-/scheduler-0.27.0.tgz. Extracting by manifest.
839 silly tarball no local data for safe-buffer@https://registry.npmjs.org/safe-buffer/-/safe-buffer-5.2.1.tgz. Extracting by manifest.
840 silly tarball no local data for run-parallel@https://registry.npmjs.org/run-parallel/-/run-parallel-1.2.0.tgz. Extracting by manifest.
841 silly tarball no local data for rolldown@https://registry.npmjs.org/rolldown/-/rolldown-1.2.3.tgz. Extracting by manifest.
842 silly tarball no local data for reusify@https://registry.npmjs.org/reusify/-/reusify-1.1.0.tgz. Extracting by manifest.
843 silly tarball no local data for retry@https://registry.npmjs.org/retry/-/retry-0.13.1.tgz. Extracting by manifest.
844 silly tarball no local data for resolve@https://registry.npmjs.org/resolve/-/resolve-1.22.12.tgz. Extracting by manifest.
845 silly tarball no local data for readdirp@https://registry.npmjs.org/readdirp/-/readdirp-3.6.0.tgz. Extracting by manifest.
846 silly tarball no local data for read-cache@https://registry.npmjs.org/read-cache/-/read-cache-1.0.0.tgz. Extracting by manifest.
847 silly tarball no local data for react-router-dom@https://registry.npmjs.org/react-router-dom/-/react-router-dom-7.18.2.tgz. Extracting by manifest.
848 silly tarball no local data for react-router@https://registry.npmjs.org/react-router/-/react-router-7.18.2.tgz. Extracting by manifest.
849 silly tarball no local data for react-leaflet@https://registry.npmjs.org/react-leaflet/-/react-leaflet-5.0.0.tgz. Extracting by manifest.
850 silly tarball no local data for react-dom@https://registry.npmjs.org/react-dom/-/react-dom-19.2.8.tgz. Extracting by manifest.
851 silly tarball no local data for queue-microtask@https://registry.npmjs.org/queue-microtask/-/queue-microtask-1.2.3.tgz. Extracting by manifest.
852 silly tarball no local data for react@https://registry.npmjs.org/react/-/react-19.2.8.tgz. Extracting by manifest.
853 silly tarball no local data for proxy-addr@https://registry.npmjs.org/proxy-addr/-/proxy-addr-2.0.7.tgz. Extracting by manifest.
854 silly tarball no local data for protobufjs@https://registry.npmjs.org/protobufjs/-/protobufjs-7.6.5.tgz. Extracting by manifest.
855 silly tarball no local data for postcss-value-parser@https://registry.npmjs.org/postcss-value-parser/-/postcss-value-parser-4.2.0.tgz. Extracting by manifest.
856 silly tarball no local data for postcss-selector-parser@https://registry.npmjs.org/postcss-selector-parser/-/postcss-selector-parser-6.1.4.tgz. Extracting by manifest.
857 silly tarball no local data for postcss-nested@https://registry.npmjs.org/postcss-nested/-/postcss-nested-6.2.0.tgz. Extracting by manifest.
858 silly tarball no local data for postcss-load-config@https://registry.npmjs.org/postcss-load-config/-/postcss-load-config-4.0.2.tgz. Extracting by manifest.
859 silly tarball no local data for postcss-js@https://registry.npmjs.org/postcss-js/-/postcss-js-4.1.0.tgz. Extracting by manifest.
860 silly tarball no local data for postcss-import@https://registry.npmjs.org/postcss-import/-/postcss-import-15.1.0.tgz. Extracting by manifest.
861 silly tarball no local data for postcss@https://registry.npmjs.org/postcss/-/postcss-8.5.26.tgz. Extracting by manifest.
862 silly tarball no local data for pirates@https://registry.npmjs.org/pirates/-/pirates-4.0.7.tgz. Extracting by manifest.
863 silly tarball no local data for pify@https://registry.npmjs.org/pify/-/pify-2.3.0.tgz. Extracting by manifest.
864 silly tarball no local data for picomatch@https://registry.npmjs.org/picomatch/-/picomatch-4.0.5.tgz. Extracting by manifest.
865 silly tarball no local data for picocolors@https://registry.npmjs.org/picocolors/-/picocolors-1.1.1.tgz. Extracting by manifest.
866 silly tarball no local data for path-parse@https://registry.npmjs.org/path-parse/-/path-parse-1.0.7.tgz. Extracting by manifest.
867 silly tarball no local data for p-retry@https://registry.npmjs.org/p-retry/-/p-retry-4.6.2.tgz. Extracting by manifest.
868 silly tarball no local data for object-hash@https://registry.npmjs.org/object-hash/-/object-hash-3.0.0.tgz. Extracting by manifest.
869 silly tarball no local data for object-assign@https://registry.npmjs.org/object-assign/-/object-assign-4.1.1.tgz. Extracting by manifest.
870 silly tarball no local data for normalize-path@https://registry.npmjs.org/normalize-path/-/normalize-path-3.0.0.tgz. Extracting by manifest.
871 silly tarball no local data for node-releases@https://registry.npmjs.org/node-releases/-/node-releases-2.0.53.tgz. Extracting by manifest.
872 silly tarball no local data for node-fetch@https://registry.npmjs.org/node-fetch/-/node-fetch-3.3.2.tgz. Extracting by manifest.
873 silly tarball no local data for node-domexception@https://registry.npmjs.org/node-domexception/-/node-domexception-1.0.0.tgz. Extracting by manifest.
874 silly tarball no local data for nanoid@https://registry.npmjs.org/nanoid/-/nanoid-3.3.18.tgz. Extracting by manifest.
875 silly tarball no local data for mz@https://registry.npmjs.org/mz/-/mz-2.7.0.tgz. Extracting by manifest.
876 silly tarball no local data for ms@https://registry.npmjs.org/ms/-/ms-2.1.3.tgz. Extracting by manifest.
877 silly tarball no local data for micromatch@https://registry.npmjs.org/micromatch/-/micromatch-4.0.8.tgz. Extracting by manifest.
878 silly tarball no local data for merge2@https://registry.npmjs.org/merge2/-/merge2-1.4.1.tgz. Extracting by manifest.
879 silly tarball no local data for long@https://registry.npmjs.org/long/-/long-5.3.2.tgz. Extracting by manifest.
880 silly tarball no local data for lines-and-columns@https://registry.npmjs.org/lines-and-columns/-/lines-and-columns-1.2.4.tgz. Extracting by manifest.
881 silly tarball no local data for lilconfig@https://registry.npmjs.org/lilconfig/-/lilconfig-3.1.3.tgz. Extracting by manifest.
882 silly tarball no local data for lightningcss-linux-x64-musl@https://registry.npmjs.org/lightningcss-linux-x64-musl/-/lightningcss-linux-x64-musl-1.33.0.tgz. Extracting by manifest.
883 silly tarball no local data for lightningcss-linux-x64-gnu@https://registry.npmjs.org/lightningcss-linux-x64-gnu/-/lightningcss-linux-x64-gnu-1.33.0.tgz. Extracting by manifest.
884 silly tarball no local data for lightningcss@https://registry.npmjs.org/lightningcss/-/lightningcss-1.33.0.tgz. Extracting by manifest.
885 silly tarball no local data for leaflet@https://registry.npmjs.org/leaflet/-/leaflet-1.9.4.tgz. Extracting by manifest.
886 silly tarball no local data for jws@https://registry.npmjs.org/jws/-/jws-4.0.1.tgz. Extracting by manifest.
887 silly tarball no local data for jwa@https://registry.npmjs.org/jwa/-/jwa-2.0.1.tgz. Extracting by manifest.
888 silly tarball no local data for json-bigint@https://registry.npmjs.org/json-bigint/-/json-bigint-1.0.0.tgz. Extracting by manifest.
889 silly tarball no local data for jiti@https://registry.npmjs.org/jiti/-/jiti-1.21.7.tgz. Extracting by manifest.
890 silly tarball no local data for is-number@https://registry.npmjs.org/is-number/-/is-number-7.0.0.tgz. Extracting by manifest.
891 silly tarball no local data for is-glob@https://registry.npmjs.org/is-glob/-/is-glob-4.0.3.tgz. Extracting by manifest.
892 silly tarball no local data for is-extglob@https://registry.npmjs.org/is-extglob/-/is-extglob-2.1.1.tgz. Extracting by manifest.
893 silly tarball no local data for is-core-module@https://registry.npmjs.org/is-core-module/-/is-core-module-2.16.2.tgz. Extracting by manifest.
894 silly tarball no local data for is-binary-path@https://registry.npmjs.org/is-binary-path/-/is-binary-path-2.1.0.tgz. Extracting by manifest.
895 silly tarball no local data for ipaddr.js@https://registry.npmjs.org/ipaddr.js/-/ipaddr.js-1.9.1.tgz. Extracting by manifest.
896 silly tarball no local data for https-proxy-agent@https://registry.npmjs.org/https-proxy-agent/-/https-proxy-agent-7.0.6.tgz. Extracting by manifest.
897 silly tarball no local data for hasown@https://registry.npmjs.org/hasown/-/hasown-2.0.4.tgz. Extracting by manifest.
898 silly tarball no local data for google-logging-utils@https://registry.npmjs.org/google-logging-utils/-/google-logging-utils-1.1.3.tgz. Extracting by manifest.
899 silly tarball no local data for google-auth-library@https://registry.npmjs.org/google-auth-library/-/google-auth-library-10.9.1.tgz. Extracting by manifest.
900 silly tarball no local data for glob-parent@https://registry.npmjs.org/glob-parent/-/glob-parent-6.0.2.tgz. Extracting by manifest.
901 silly tarball no local data for gcp-metadata@https://registry.npmjs.org/gcp-metadata/-/gcp-metadata-8.1.2.tgz. Extracting by manifest.
902 silly tarball no local data for gaxios@https://registry.npmjs.org/gaxios/-/gaxios-7.3.0.tgz. Extracting by manifest.
903 silly tarball no local data for function-bind@https://registry.npmjs.org/function-bind/-/function-bind-1.1.2.tgz. Extracting by manifest.
904 silly tarball no local data for fraction.js@https://registry.npmjs.org/fraction.js/-/fraction.js-5.3.4.tgz. Extracting by manifest.
905 silly tarball no local data for forwarded@https://registry.npmjs.org/forwarded/-/forwarded-0.2.0.tgz. Extracting by manifest.
906 silly tarball no local data for formdata-polyfill@https://registry.npmjs.org/formdata-polyfill/-/formdata-polyfill-4.0.10.tgz. Extracting by manifest.
907 silly tarball no local data for fill-range@https://registry.npmjs.org/fill-range/-/fill-range-7.1.1.tgz. Extracting by manifest.
908 silly tarball no local data for fetch-blob@https://registry.npmjs.org/fetch-blob/-/fetch-blob-3.2.0.tgz. Extracting by manifest.
909 silly tarball no local data for fdir@https://registry.npmjs.org/fdir/-/fdir-6.5.0.tgz. Extracting by manifest.
910 silly tarball no local data for fastq@https://registry.npmjs.org/fastq/-/fastq-1.20.1.tgz. Extracting by manifest.
911 silly tarball no local data for fast-glob@https://registry.npmjs.org/fast-glob/-/fast-glob-3.3.3.tgz. Extracting by manifest.
912 silly tarball no local data for extend@https://registry.npmjs.org/extend/-/extend-3.0.2.tgz. Extracting by manifest.
913 silly tarball no local data for escalade@https://registry.npmjs.org/escalade/-/escalade-3.2.0.tgz. Extracting by manifest.
914 silly tarball no local data for es-errors@https://registry.npmjs.org/es-errors/-/es-errors-1.3.0.tgz. Extracting by manifest.
915 silly tarball no local data for electron-to-chromium@https://registry.npmjs.org/electron-to-chromium/-/electron-to-chromium-1.5.402.tgz. Extracting by manifest.
916 silly tarball no local data for ecdsa-sig-formatter@https://registry.npmjs.org/ecdsa-sig-formatter/-/ecdsa-sig-formatter-1.0.11.tgz. Extracting by manifest.
917 silly tarball no local data for dlv@https://registry.npmjs.org/dlv/-/dlv-1.1.3.tgz. Extracting by manifest.
918 silly tarball no local data for didyoumean@https://registry.npmjs.org/didyoumean/-/didyoumean-1.2.2.tgz. Extracting by manifest.
919 silly tarball no local data for detect-libc@https://registry.npmjs.org/detect-libc/-/detect-libc-2.1.2.tgz. Extracting by manifest.
920 silly tarball no local data for debug@https://registry.npmjs.org/debug/-/debug-4.4.3.tgz. Extracting by manifest.
921 silly tarball no local data for data-uri-to-buffer@https://registry.npmjs.org/data-uri-to-buffer/-/data-uri-to-buffer-4.0.1.tgz. Extracting by manifest.
922 silly tarball no local data for csstype@https://registry.npmjs.org/csstype/-/csstype-3.2.3.tgz. Extracting by manifest.
923 silly tarball no local data for cssesc@https://registry.npmjs.org/cssesc/-/cssesc-3.0.0.tgz. Extracting by manifest.
924 silly tarball no local data for cors@https://registry.npmjs.org/cors/-/cors-2.8.6.tgz. Extracting by manifest.
925 silly tarball no local data for cookie@https://registry.npmjs.org/cookie/-/cookie-0.7.2.tgz. Extracting by manifest.
926 silly tarball no local data for content-type@https://registry.npmjs.org/content-type/-/content-type-1.0.5.tgz. Extracting by manifest.
927 silly tarball no local data for commander@https://registry.npmjs.org/commander/-/commander-4.1.1.tgz. Extracting by manifest.
928 silly tarball no local data for clsx@https://registry.npmjs.org/clsx/-/clsx-2.1.1.tgz. Extracting by manifest.
929 silly tarball no local data for chokidar@https://registry.npmjs.org/chokidar/-/chokidar-3.6.0.tgz. Extracting by manifest.
930 silly tarball no local data for caniuse-lite@https://registry.npmjs.org/caniuse-lite/-/caniuse-lite-1.0.30001809.tgz. Extracting by manifest.
931 silly tarball no local data for camelcase-css@https://registry.npmjs.org/camelcase-css/-/camelcase-css-2.0.1.tgz. Extracting by manifest.
932 silly tarball no local data for busboy@https://registry.npmjs.org/busboy/-/busboy-1.6.0.tgz. Extracting by manifest.
933 silly tarball no local data for buffer-equal-constant-time@https://registry.npmjs.org/buffer-equal-constant-time/-/buffer-equal-constant-time-1.0.1.tgz. Extracting by manifest.
934 silly tarball no local data for browserslist@https://registry.npmjs.org/browserslist/-/browserslist-4.28.7.tgz. Extracting by manifest.
935 silly tarball no local data for braces@https://registry.npmjs.org/braces/-/braces-3.0.3.tgz. Extracting by manifest.
936 silly tarball no local data for binary-extensions@https://registry.npmjs.org/binary-extensions/-/binary-extensions-2.3.0.tgz. Extracting by manifest.
937 silly tarball no local data for bignumber.js@https://registry.npmjs.org/bignumber.js/-/bignumber.js-9.3.1.tgz. Extracting by manifest.
938 silly tarball no local data for baseline-browser-mapping@https://registry.npmjs.org/baseline-browser-mapping/-/baseline-browser-mapping-2.11.12.tgz. Extracting by manifest.
939 silly tarball no local data for base64-js@https://registry.npmjs.org/base64-js/-/base64-js-1.5.1.tgz. Extracting by manifest.
940 silly tarball no local data for autoprefixer@https://registry.npmjs.org/autoprefixer/-/autoprefixer-10.5.4.tgz. Extracting by manifest.
941 silly tarball no local data for arg@https://registry.npmjs.org/arg/-/arg-5.0.2.tgz. Extracting by manifest.
942 silly tarball no local data for append-field@https://registry.npmjs.org/append-field/-/append-field-1.0.0.tgz. Extracting by manifest.
943 silly tarball no local data for anymatch@https://registry.npmjs.org/anymatch/-/anymatch-3.1.3.tgz. Extracting by manifest.
944 silly tarball no local data for any-promise@https://registry.npmjs.org/any-promise/-/any-promise-1.3.0.tgz. Extracting by manifest.
945 silly tarball no local data for agent-base@https://registry.npmjs.org/agent-base/-/agent-base-7.1.4.tgz. Extracting by manifest.
946 silly tarball no local data for @types/serve-static@https://registry.npmjs.org/@types/serve-static/-/serve-static-2.2.0.tgz. Extracting by manifest.
947 silly tarball no local data for @types/send@https://registry.npmjs.org/@types/send/-/send-1.2.1.tgz. Extracting by manifest.
948 silly tarball no local data for @types/retry@https://registry.npmjs.org/@types/retry/-/retry-0.12.0.tgz. Extracting by manifest.
949 silly tarball no local data for @types/react-dom@https://registry.npmjs.org/@types/react-dom/-/react-dom-19.2.4.tgz. Extracting by manifest.
950 silly tarball no local data for @types/react@https://registry.npmjs.org/@types/react/-/react-19.2.18.tgz. Extracting by manifest.
951 silly tarball no local data for @types/range-parser@https://registry.npmjs.org/@types/range-parser/-/range-parser-1.2.7.tgz. Extracting by manifest.
952 silly tarball no local data for @types/qs@https://registry.npmjs.org/@types/qs/-/qs-6.15.1.tgz. Extracting by manifest.
953 silly tarball no local data for @types/leaflet@https://registry.npmjs.org/@types/leaflet/-/leaflet-1.9.22.tgz. Extracting by manifest.
954 silly tarball no local data for @types/http-errors@https://registry.npmjs.org/@types/http-errors/-/http-errors-2.0.5.tgz. Extracting by manifest.
955 silly tarball no local data for @types/geojson@https://registry.npmjs.org/@types/geojson/-/geojson-7946.0.16.tgz. Extracting by manifest.
956 silly tarball no local data for @types/express-serve-static-core@https://registry.npmjs.org/@types/express-serve-static-core/-/express-serve-static-core-5.1.3.tgz. Extracting by manifest.
957 silly tarball no local data for @types/express@https://registry.npmjs.org/@types/express/-/express-5.0.6.tgz. Extracting by manifest.
958 silly tarball no local data for @types/cors@https://registry.npmjs.org/@types/cors/-/cors-2.8.19.tgz. Extracting by manifest.
959 silly tarball no local data for @types/connect@https://registry.npmjs.org/@types/connect/-/connect-3.4.38.tgz. Extracting by manifest.
960 silly tarball no local data for @types/body-parser@https://registry.npmjs.org/@types/body-parser/-/body-parser-1.19.6.tgz. Extracting by manifest.
961 silly tarball no local data for @rolldown/pluginutils@https://registry.npmjs.org/@rolldown/pluginutils/-/pluginutils-1.0.1.tgz. Extracting by manifest.
962 silly tarball no local data for @rolldown/binding-linux-x64-musl@https://registry.npmjs.org/@rolldown/binding-linux-x64-musl/-/binding-linux-x64-musl-1.2.3.tgz. Extracting by manifest.
963 silly tarball no local data for @rolldown/binding-linux-x64-gnu@https://registry.npmjs.org/@rolldown/binding-linux-x64-gnu/-/binding-linux-x64-gnu-1.2.3.tgz. Extracting by manifest.
964 silly tarball no local data for @react-leaflet/core@https://registry.npmjs.org/@react-leaflet/core/-/core-3.0.0.tgz. Extracting by manifest.
965 silly tarball no local data for @protobufjs/utf8@https://registry.npmjs.org/@protobufjs/utf8/-/utf8-1.1.2.tgz. Extracting by manifest.
966 silly tarball no local data for @protobufjs/pool@https://registry.npmjs.org/@protobufjs/pool/-/pool-1.1.0.tgz. Extracting by manifest.
967 silly tarball no local data for @protobufjs/path@https://registry.npmjs.org/@protobufjs/path/-/path-1.1.2.tgz. Extracting by manifest.
968 silly tarball no local data for @protobufjs/float@https://registry.npmjs.org/@protobufjs/float/-/float-1.0.2.tgz. Extracting by manifest.
969 silly tarball no local data for @protobufjs/fetch@https://registry.npmjs.org/@protobufjs/fetch/-/fetch-1.1.1.tgz. Extracting by manifest.
970 silly tarball no local data for @protobufjs/eventemitter@https://registry.npmjs.org/@protobufjs/eventemitter/-/eventemitter-1.1.1.tgz. Extracting by manifest.
971 silly tarball no local data for @protobufjs/codegen@https://registry.npmjs.org/@protobufjs/codegen/-/codegen-2.0.5.tgz. Extracting by manifest.
972 silly tarball no local data for @protobufjs/base64@https://registry.npmjs.org/@protobufjs/base64/-/base64-1.1.2.tgz. Extracting by manifest.
973 silly tarball no local data for @protobufjs/aspromise@https://registry.npmjs.org/@protobufjs/aspromise/-/aspromise-1.1.2.tgz. Extracting by manifest.
974 silly tarball no local data for @oxc-project/types@https://registry.npmjs.org/@oxc-project/types/-/types-0.143.0.tgz. Extracting by manifest.
975 silly tarball no local data for @nodelib/fs.walk@https://registry.npmjs.org/@nodelib/fs.walk/-/fs.walk-1.2.8.tgz. Extracting by manifest.
976 silly tarball no local data for @nodelib/fs.stat@https://registry.npmjs.org/@nodelib/fs.stat/-/fs.stat-2.0.5.tgz. Extracting by manifest.
977 silly tarball no local data for @nodelib/fs.scandir@https://registry.npmjs.org/@nodelib/fs.scandir/-/fs.scandir-2.1.5.tgz. Extracting by manifest.
978 silly tarball no local data for @jridgewell/trace-mapping@https://registry.npmjs.org/@jridgewell/trace-mapping/-/trace-mapping-0.3.31.tgz. Extracting by manifest.
979 silly tarball no local data for @jridgewell/sourcemap-codec@https://registry.npmjs.org/@jridgewell/sourcemap-codec/-/sourcemap-codec-1.5.5.tgz. Extracting by manifest.
980 silly tarball no local data for @jridgewell/resolve-uri@https://registry.npmjs.org/@jridgewell/resolve-uri/-/resolve-uri-3.1.2.tgz. Extracting by manifest.
981 silly tarball no local data for @jridgewell/gen-mapping@https://registry.npmjs.org/@jridgewell/gen-mapping/-/gen-mapping-0.3.13.tgz. Extracting by manifest.
982 silly tarball no local data for @google/genai@https://registry.npmjs.org/@google/genai/-/genai-2.16.0.tgz. Extracting by manifest.
983 silly tarball no local data for @alloc/quick-lru@https://registry.npmjs.org/@alloc/quick-lru/-/quick-lru-5.2.0.tgz. Extracting by manifest.
984 silly tarball no local data for safe-buffer@https://registry.npmjs.org/safe-buffer/-/safe-buffer-5.1.2.tgz. Extracting by manifest.
985 silly tarball no local data for safe-buffer@https://registry.npmjs.org/safe-buffer/-/safe-buffer-5.1.2.tgz. Extracting by manifest.
986 silly tarball no local data for debug@https://registry.npmjs.org/debug/-/debug-2.6.9.tgz. Extracting by manifest.
987 silly tarball no local data for ms@https://registry.npmjs.org/ms/-/ms-2.0.0.tgz. Extracting by manifest.
988 silly tarball no local data for ms@https://registry.npmjs.org/ms/-/ms-2.0.0.tgz. Extracting by manifest.
989 silly tarball no local data for debug@https://registry.npmjs.org/debug/-/debug-2.6.9.tgz. Extracting by manifest.
990 silly tarball no local data for ms@https://registry.npmjs.org/ms/-/ms-2.0.0.tgz. Extracting by manifest.
991 silly tarball no local data for debug@https://registry.npmjs.org/debug/-/debug-2.6.9.tgz. Extracting by manifest.
992 silly tarball no local data for ms@https://registry.npmjs.org/ms/-/ms-2.0.0.tgz. Extracting by manifest.
993 silly tarball no local data for debug@https://registry.npmjs.org/debug/-/debug-2.6.9.tgz. Extracting by manifest.
994 silly tarball no local data for @rolldown/pluginutils@https://registry.npmjs.org/@rolldown/pluginutils/-/pluginutils-1.0.0-beta.27.tgz. Extracting by manifest.
995 silly tarball no local data for picomatch@https://registry.npmjs.org/picomatch/-/picomatch-2.3.2.tgz. Extracting by manifest.
996 silly tarball no local data for cookie@https://registry.npmjs.org/cookie/-/cookie-1.1.1.tgz. Extracting by manifest.
997 silly tarball no local data for picomatch@https://registry.npmjs.org/picomatch/-/picomatch-2.3.2.tgz. Extracting by manifest.
998 silly tarball no local data for glob-parent@https://registry.npmjs.org/glob-parent/-/glob-parent-5.1.2.tgz. Extracting by manifest.
999 silly tarball no local data for glob-parent@https://registry.npmjs.org/glob-parent/-/glob-parent-5.1.2.tgz. Extracting by manifest.
1000 silly tarball no local data for picomatch@https://registry.npmjs.org/picomatch/-/picomatch-2.3.2.tgz. Extracting by manifest.
1001 http fetch POST 200 https://registry.npmjs.org/-/npm/v1/security/advisories/bulk 738ms
1002 silly audit report {}
1003 http fetch GET 200 https://registry.npmjs.org/process-nextick-args/-/process-nextick-args-2.0.1.tgz 1193ms (cache miss)
1004 http fetch GET 200 https://registry.npmjs.org/media-typer/-/media-typer-0.3.0.tgz 1207ms (cache miss)
1005 http fetch GET 200 https://registry.npmjs.org/get-proto/-/get-proto-1.0.1.tgz 1203ms (cache miss)
1006 http fetch GET 200 https://registry.npmjs.org/toidentifier/-/toidentifier-1.0.1.tgz 1222ms (cache miss)
1007 http fetch GET 200 https://registry.npmjs.org/isarray/-/isarray-1.0.0.tgz 1325ms (cache miss)
1008 http fetch GET 200 https://registry.npmjs.org/ee-first/-/ee-first-1.1.1.tgz 1319ms (cache miss)
1009 http fetch GET 200 https://registry.npmjs.org/core-util-is/-/core-util-is-1.0.3.tgz 1322ms (cache miss)
1010 http fetch GET 200 https://registry.npmjs.org/buffer-from/-/buffer-from-1.1.2.tgz 1357ms (cache miss)
1011 http fetch GET 200 https://registry.npmjs.org/mkdirp/-/mkdirp-0.5.6.tgz 1357ms (cache miss)
1012 http fetch GET 200 https://registry.npmjs.org/gopd/-/gopd-1.2.0.tgz 1374ms (cache miss)
1013 http fetch GET 200 https://registry.npmjs.org/inherits/-/inherits-2.0.4.tgz 1352ms (cache miss)
1014 http fetch GET 200 https://registry.npmjs.org/setprototypeof/-/setprototypeof-1.2.0.tgz 1377ms (cache miss)
1015 http fetch GET 200 https://registry.npmjs.org/concat-stream/-/concat-stream-1.6.2.tgz 1396ms (cache miss)
1016 http fetch GET 200 https://registry.npmjs.org/yallist/-/yallist-3.1.1.tgz 1395ms (cache miss)
1017 http fetch GET 200 https://registry.npmjs.org/unpipe/-/unpipe-1.0.0.tgz 1389ms (cache miss)
1018 http fetch GET 200 https://registry.npmjs.org/es-define-property/-/es-define-property-1.0.1.tgz 1456ms (cache miss)
1019 http fetch GET 200 https://registry.npmjs.org/xtend/-/xtend-4.0.2.tgz 1453ms (cache miss)
1020 http fetch GET 200 https://registry.npmjs.org/string_decoder/-/string_decoder-1.1.1.tgz 1464ms (cache miss)
1021 http fetch GET 200 https://registry.npmjs.org/range-parser/-/range-parser-1.2.1.tgz 1476ms (cache miss)
1022 http fetch GET 200 https://registry.npmjs.org/dunder-proto/-/dunder-proto-1.0.1.tgz 1514ms (cache miss)
1023 http fetch GET 200 https://registry.npmjs.org/escape-html/-/escape-html-1.0.3.tgz 1473ms (cache miss)
1024 http fetch GET 200 https://registry.npmjs.org/cookie-signature/-/cookie-signature-1.0.7.tgz 1466ms (cache miss)
1025 http fetch GET 200 https://registry.npmjs.org/encodeurl/-/encodeurl-2.0.0.tgz 1472ms (cache miss)
1026 http fetch GET 200 https://registry.npmjs.org/lru-cache/-/lru-cache-5.1.1.tgz 1439ms (cache miss)
1027 http fetch GET 200 https://registry.npmjs.org/destroy/-/destroy-1.2.0.tgz 1525ms (cache miss)
1028 http fetch GET 200 https://registry.npmjs.org/bytes/-/bytes-3.1.2.tgz 1525ms (cache miss)
1029 http fetch GET 200 https://registry.npmjs.org/path-to-regexp/-/path-to-regexp-0.1.13.tgz 1517ms (cache miss)
1030 http fetch GET 200 https://registry.npmjs.org/side-channel-weakmap/-/side-channel-weakmap-1.0.2.tgz 1554ms (cache miss)
1031 http fetch GET 200 https://registry.npmjs.org/call-bound/-/call-bound-1.0.4.tgz 1555ms (cache miss)
1032 http fetch GET 200 https://registry.npmjs.org/es-object-atoms/-/es-object-atoms-1.1.2.tgz 1557ms (cache miss)
1033 http fetch GET 200 https://registry.npmjs.org/raw-body/-/raw-body-2.5.3.tgz 1534ms (cache miss)
1034 http fetch GET 200 https://registry.npmjs.org/utils-merge/-/utils-merge-1.0.1.tgz 1551ms (cache miss)
1035 http fetch GET 200 https://registry.npmjs.org/statuses/-/statuses-2.0.2.tgz 1551ms (cache miss)
1036 http fetch GET 200 https://registry.npmjs.org/type-is/-/type-is-1.6.18.tgz 1551ms (cache miss)
1037 http fetch GET 200 https://registry.npmjs.org/on-finished/-/on-finished-2.4.1.tgz 1544ms (cache miss)
1038 http fetch GET 200 https://registry.npmjs.org/methods/-/methods-1.1.2.tgz 1544ms (cache miss)
1039 http fetch GET 200 https://registry.npmjs.org/merge-descriptors/-/merge-descriptors-1.0.3.tgz 1543ms (cache miss)
1040 http fetch GET 200 https://registry.npmjs.org/side-channel-map/-/side-channel-map-1.0.1.tgz 1578ms (cache miss)
1041 http fetch GET 200 https://registry.npmjs.org/typedarray/-/typedarray-0.0.6.tgz 1569ms (cache miss)
1042 http fetch GET 200 https://registry.npmjs.org/fresh/-/fresh-0.5.2.tgz 1545ms (cache miss)
1043 http fetch GET 200 https://registry.npmjs.org/@types/babel__template/-/babel__template-7.4.4.tgz 1523ms (cache miss)
1044 http fetch GET 200 https://registry.npmjs.org/side-channel-list/-/side-channel-list-1.0.1.tgz 1612ms (cache miss)
1045 http fetch GET 200 https://registry.npmjs.org/array-flatten/-/array-flatten-1.1.1.tgz 1560ms (cache miss)
1046 http fetch GET 200 https://registry.npmjs.org/semver/-/semver-6.3.1.tgz 1525ms (cache miss)
1047 http fetch GET 200 https://registry.npmjs.org/mime-types/-/mime-types-2.1.35.tgz 1628ms (cache miss)
1048 http fetch GET 200 https://registry.npmjs.org/depd/-/depd-2.0.0.tgz 1613ms (cache miss)
1049 http fetch GET 200 https://registry.npmjs.org/js-tokens/-/js-tokens-4.0.0.tgz 1565ms (cache miss)
1050 http fetch GET 200 https://registry.npmjs.org/@babel/plugin-transform-react-jsx-source/-/plugin-transform-react-jsx-source-7.29.7.tgz 1560ms (cache miss)
1051 http fetch GET 200 https://registry.npmjs.org/serve-static/-/serve-static-1.16.3.tgz 1664ms (cache miss)
1052 http fetch GET 200 https://registry.npmjs.org/parseurl/-/parseurl-1.3.3.tgz 1662ms (cache miss)
1053 http fetch GET 200 https://registry.npmjs.org/finalhandler/-/finalhandler-1.3.2.tgz 1659ms (cache miss)
1054 http fetch GET 200 https://registry.npmjs.org/etag/-/etag-1.8.1.tgz 1658ms (cache miss)
1055 http fetch GET 200 https://registry.npmjs.org/has-symbols/-/has-symbols-1.1.0.tgz 1700ms (cache miss)
1056 http fetch GET 200 https://registry.npmjs.org/http-errors/-/http-errors-2.0.1.tgz 1662ms (cache miss)
1057 http fetch GET 200 https://registry.npmjs.org/accepts/-/accepts-1.3.8.tgz 1641ms (cache miss)
1058 http fetch GET 200 https://registry.npmjs.org/@babel/helper-globals/-/helper-globals-7.29.7.tgz 1637ms (cache miss)
1059 http fetch GET 200 https://registry.npmjs.org/@types/babel__generator/-/babel__generator-7.27.0.tgz 1639ms (cache miss)
1060 http fetch GET 200 https://registry.npmjs.org/update-browserslist-db/-/update-browserslist-db-1.3.0.tgz 1588ms (cache miss)
1061 http fetch GET 200 https://registry.npmjs.org/side-channel/-/side-channel-1.1.1.tgz 1733ms (cache miss)
1062 http fetch GET 200 https://registry.npmjs.org/@babel/helper-plugin-utils/-/helper-plugin-utils-7.29.7.tgz 1691ms (cache miss)
1063 http fetch GET 200 https://registry.npmjs.org/get-intrinsic/-/get-intrinsic-1.3.0.tgz 1832ms (cache miss)
1064 http fetch GET 200 https://registry.npmjs.org/content-disposition/-/content-disposition-0.5.4.tgz 1786ms (cache miss)
1065 http fetch GET 200 https://registry.npmjs.org/body-parser/-/body-parser-1.20.6.tgz 1786ms (cache miss)
1066 http fetch GET 200 https://registry.npmjs.org/@babel/plugin-transform-react-jsx-self/-/plugin-transform-react-jsx-self-7.29.7.tgz 1735ms (cache miss)
1067 http fetch GET 200 https://registry.npmjs.org/util-deprecate/-/util-deprecate-1.0.2.tgz 1721ms (cache miss)
1068 http fetch GET 200 https://registry.npmjs.org/to-regex-range/-/to-regex-range-5.0.1.tgz 1719ms (cache miss)
1069 http fetch GET 200 https://registry.npmjs.org/streamsearch/-/streamsearch-1.1.0.tgz 1716ms (cache miss)
1070 http fetch GET 200 https://registry.npmjs.org/negotiator/-/negotiator-0.6.3.tgz 1837ms (cache miss)
1071 http fetch GET 200 https://registry.npmjs.org/call-bind-apply-helpers/-/call-bind-apply-helpers-1.0.2.tgz 1864ms (cache miss)
1072 http fetch GET 200 https://registry.npmjs.org/jsesc/-/jsesc-3.1.0.tgz 1773ms (cache miss)
1073 http fetch GET 200 https://registry.npmjs.org/@babel/helper-validator-option/-/helper-validator-option-7.29.7.tgz 1789ms (cache miss)
1074 http fetch GET 200 https://registry.npmjs.org/safer-buffer/-/safer-buffer-2.1.2.tgz 1845ms (cache miss)
1075 http fetch GET 200 https://registry.npmjs.org/convert-source-map/-/convert-source-map-2.0.0.tgz 1771ms (cache miss)
1076 http fetch GET 200 https://registry.npmjs.org/@babel/code-frame/-/code-frame-7.29.7.tgz 1767ms (cache miss)
1077 http fetch GET 200 https://registry.npmjs.org/multer/-/multer-1.4.5-lts.2.tgz 1764ms (cache miss)
1078 http fetch GET 200 https://registry.npmjs.org/@types/multer/-/multer-1.4.13.tgz 1757ms (cache miss)
1079 http fetch GET 200 https://registry.npmjs.org/@vitejs/plugin-react/-/plugin-react-4.7.0.tgz 1760ms (cache miss)
1080 http fetch GET 200 https://registry.npmjs.org/thenify-all/-/thenify-all-1.6.0.tgz 1750ms (cache miss)
1081 http fetch GET 200 https://registry.npmjs.org/thenify/-/thenify-3.3.1.tgz 1750ms (cache miss)
1082 http fetch GET 200 https://registry.npmjs.org/react-router-dom/-/react-router-dom-7.18.2.tgz 1740ms (cache miss)
1083 http fetch GET 200 https://registry.npmjs.org/run-parallel/-/run-parallel-1.2.0.tgz 1744ms (cache miss)
1084 http fetch GET 200 https://registry.npmjs.org/reusify/-/reusify-1.1.0.tgz 1743ms (cache miss)
1085 http fetch GET 200 https://registry.npmjs.org/retry/-/retry-0.13.1.tgz 1743ms (cache miss)
1086 http fetch GET 200 https://registry.npmjs.org/@babel/helper-string-parser/-/helper-string-parser-7.29.7.tgz 1848ms (cache miss)
1087 http fetch GET 200 https://registry.npmjs.org/vary/-/vary-1.1.2.tgz 1800ms (cache miss)
1088 http fetch GET 200 https://registry.npmjs.org/set-cookie-parser/-/set-cookie-parser-2.7.2.tgz 1792ms (cache miss)
1089 http fetch GET 200 https://registry.npmjs.org/safe-buffer/-/safe-buffer-5.2.1.tgz 1789ms (cache miss)
1090 http fetch GET 200 https://registry.npmjs.org/supports-preserve-symlinks-flag/-/supports-preserve-symlinks-flag-1.0.0.tgz 1795ms (cache miss)
1091 http fetch GET 200 https://registry.npmjs.org/queue-microtask/-/queue-microtask-1.2.3.tgz 1782ms (cache miss)
1092 http fetch GET 200 https://registry.npmjs.org/gensync/-/gensync-1.0.0-beta.2.tgz 1863ms (cache miss)
1093 warn deprecated multer@1.4.5-lts.2: Multer 1.x is impacted by a number of vulnerabilities, which have been patched in 2.x. You should upgrade to the latest 2.x version.
1094 http fetch GET 200 https://registry.npmjs.org/tinyglobby/-/tinyglobby-0.2.17.tgz 1842ms (cache miss)
1095 http fetch GET 200 https://registry.npmjs.org/ts-interface-checker/-/ts-interface-checker-0.1.13.tgz 1844ms (cache miss)
1096 http fetch GET 200 https://registry.npmjs.org/readdirp/-/readdirp-3.6.0.tgz 1833ms (cache miss)
1097 http fetch GET 200 https://registry.npmjs.org/proxy-addr/-/proxy-addr-2.0.7.tgz 1826ms (cache miss)
1098 http fetch GET 200 https://registry.npmjs.org/postcss-nested/-/postcss-nested-6.2.0.tgz 1825ms (cache miss)
1099 http fetch GET 200 https://registry.npmjs.org/@types/babel__core/-/babel__core-7.20.5.tgz 1898ms (cache miss)
1100 http fetch GET 200 https://registry.npmjs.org/read-cache/-/read-cache-1.0.0.tgz 1871ms (cache miss)
1101 http fetch GET 200 https://registry.npmjs.org/node-releases/-/node-releases-2.0.53.tgz 1854ms (cache miss)
1102 http fetch GET 200 https://registry.npmjs.org/node-domexception/-/node-domexception-1.0.0.tgz 1853ms (cache miss)
1103 http fetch GET 200 https://registry.npmjs.org/nanoid/-/nanoid-3.3.18.tgz 1853ms (cache miss)
1104 http fetch GET 200 https://registry.npmjs.org/ms/-/ms-2.1.3.tgz 1852ms (cache miss)
1105 http fetch GET 200 https://registry.npmjs.org/picocolors/-/picocolors-1.1.1.tgz 1860ms (cache miss)
1106 http fetch GET 200 https://registry.npmjs.org/path-parse/-/path-parse-1.0.7.tgz 1862ms (cache miss)
1107 http fetch GET 200 https://registry.npmjs.org/react-refresh/-/react-refresh-0.17.0.tgz 1946ms (cache miss)
1108 http fetch GET 200 https://registry.npmjs.org/scheduler/-/scheduler-0.27.0.tgz 1924ms (cache miss)
1109 http fetch GET 200 https://registry.npmjs.org/pify/-/pify-2.3.0.tgz 1909ms (cache miss)
1110 http fetch GET 200 https://registry.npmjs.org/pirates/-/pirates-4.0.7.tgz 1909ms (cache miss)
1111 http fetch GET 200 https://registry.npmjs.org/postcss-js/-/postcss-js-4.1.0.tgz 1911ms (cache miss)
1112 http fetch GET 200 https://registry.npmjs.org/mz/-/mz-2.7.0.tgz 1901ms (cache miss)
1113 http fetch GET 200 https://registry.npmjs.org/object-hash/-/object-hash-3.0.0.tgz 1906ms (cache miss)
1114 http fetch GET 200 https://registry.npmjs.org/lilconfig/-/lilconfig-3.1.3.tgz 1898ms (cache miss)
1115 http fetch GET 200 https://registry.npmjs.org/@babel/compat-data/-/compat-data-7.29.7.tgz 2010ms (cache miss)
1116 http fetch GET 200 https://registry.npmjs.org/postcss-load-config/-/postcss-load-config-4.0.2.tgz 1952ms (cache miss)
1117 http fetch GET 200 https://registry.npmjs.org/normalize-path/-/normalize-path-3.0.0.tgz 1945ms (cache miss)
1118 http fetch GET 200 https://registry.npmjs.org/postcss-import/-/postcss-import-15.1.0.tgz 1953ms (cache miss)
1119 http fetch GET 200 https://registry.npmjs.org/micromatch/-/micromatch-4.0.8.tgz 1942ms (cache miss)
1120 http fetch GET 200 https://registry.npmjs.org/jws/-/jws-4.0.1.tgz 1934ms (cache miss)
1121 http fetch GET 200 https://registry.npmjs.org/jwa/-/jwa-2.0.1.tgz 1933ms (cache miss)
1122 http fetch GET 200 https://registry.npmjs.org/object-assign/-/object-assign-4.1.1.tgz 1947ms (cache miss)
1123 http fetch GET 200 https://registry.npmjs.org/is-glob/-/is-glob-4.0.3.tgz 1931ms (cache miss)
1124 http fetch GET 200 https://registry.npmjs.org/send/-/send-0.19.2.tgz 2094ms (cache miss)
1125 http fetch GET 200 https://registry.npmjs.org/@types/babel__traverse/-/babel__traverse-7.28.0.tgz 2070ms (cache miss)
1126 http fetch GET 200 https://registry.npmjs.org/@babel/helper-module-imports/-/helper-module-imports-7.29.7.tgz 2055ms (cache miss)
1127 http fetch GET 200 https://registry.npmjs.org/picomatch/-/picomatch-4.0.5.tgz 1991ms (cache miss)
1128 http fetch GET 200 https://registry.npmjs.org/lines-and-columns/-/lines-and-columns-1.2.4.tgz 1979ms (cache miss)
1129 http fetch GET 200 https://registry.npmjs.org/merge2/-/merge2-1.4.1.tgz 1983ms (cache miss)
1130 http fetch GET 200 https://registry.npmjs.org/json-bigint/-/json-bigint-1.0.0.tgz 1972ms (cache miss)
1131 http fetch GET 200 https://registry.npmjs.org/is-number/-/is-number-7.0.0.tgz 1972ms (cache miss)
1132 http fetch GET 200 https://registry.npmjs.org/hasown/-/hasown-2.0.4.tgz 1965ms (cache miss)
1133 http fetch GET 200 https://registry.npmjs.org/is-binary-path/-/is-binary-path-2.1.0.tgz 1970ms (cache miss)
1134 http fetch GET 200 https://registry.npmjs.org/ipaddr.js/-/ipaddr.js-1.9.1.tgz 1969ms (cache miss)
1135 http fetch GET 200 https://registry.npmjs.org/mime/-/mime-1.6.0.tgz 2166ms (cache miss)
1136 http fetch GET 200 https://registry.npmjs.org/@babel/helper-compilation-targets/-/helper-compilation-targets-7.29.7.tgz 2075ms (cache miss)
1137 http fetch GET 200 https://registry.npmjs.org/tslib/-/tslib-2.8.1.tgz 2059ms (cache miss)
1138 http fetch GET 200 https://registry.npmjs.org/p-retry/-/p-retry-4.6.2.tgz 2034ms (cache miss)
1139 http fetch GET 200 https://registry.npmjs.org/forwarded/-/forwarded-0.2.0.tgz 2006ms (cache miss)
1140 http fetch GET 200 https://registry.npmjs.org/postcss-value-parser/-/postcss-value-parser-4.2.0.tgz 2066ms (cache miss)
1141 http fetch GET 200 https://registry.npmjs.org/is-extglob/-/is-extglob-2.1.1.tgz 2040ms (cache miss)
1142 http fetch GET 200 https://registry.npmjs.org/is-core-module/-/is-core-module-2.16.2.tgz 2040ms (cache miss)
1143 http fetch GET 200 https://registry.npmjs.org/https-proxy-agent/-/https-proxy-agent-7.0.6.tgz 2039ms (cache miss)
1144 http fetch GET 200 https://registry.npmjs.org/fill-range/-/fill-range-7.1.1.tgz 2032ms (cache miss)
1145 http fetch GET 200 https://registry.npmjs.org/formdata-polyfill/-/formdata-polyfill-4.0.10.tgz 2052ms (cache miss)
1146 http fetch GET 200 https://registry.npmjs.org/es-errors/-/es-errors-1.3.0.tgz 2047ms (cache miss)
1147 http fetch GET 200 https://registry.npmjs.org/didyoumean/-/didyoumean-1.2.2.tgz 2045ms (cache miss)
1148 http fetch GET 200 https://registry.npmjs.org/debug/-/debug-4.4.3.tgz 2044ms (cache miss)
1149 http fetch GET 200 https://registry.npmjs.org/math-intrinsics/-/math-intrinsics-1.1.0.tgz 2262ms (cache miss)
1150 http fetch GET 200 https://registry.npmjs.org/mime-db/-/mime-db-1.52.0.tgz 2243ms (cache miss)
1151 http fetch GET 200 https://registry.npmjs.org/dotenv/-/dotenv-16.6.1.tgz 2156ms (cache miss)
1152 http fetch GET 200 https://registry.npmjs.org/gcp-metadata/-/gcp-metadata-8.1.2.tgz 2094ms (cache miss)
1153 http fetch GET 200 https://registry.npmjs.org/cors/-/cors-2.8.6.tgz 2081ms (cache miss)
1154 http fetch GET 200 https://registry.npmjs.org/cookie/-/cookie-0.7.2.tgz 2081ms (cache miss)
1155 http fetch GET 200 https://registry.npmjs.org/@babel/template/-/template-7.29.7.tgz 2181ms (cache miss)
1156 http fetch GET 200 https://registry.npmjs.org/glob-parent/-/glob-parent-6.0.2.tgz 2111ms (cache miss)
1157 http fetch GET 200 https://registry.npmjs.org/function-bind/-/function-bind-1.1.2.tgz 2110ms (cache miss)
1158 http fetch GET 200 https://registry.npmjs.org/fdir/-/fdir-6.5.0.tgz 2108ms (cache miss)
1159 http fetch GET 200 https://registry.npmjs.org/fetch-blob/-/fetch-blob-3.2.0.tgz 2108ms (cache miss)
1160 http fetch GET 200 https://registry.npmjs.org/extend/-/extend-3.0.2.tgz 2104ms (cache miss)
1161 http fetch GET 200 https://registry.npmjs.org/escalade/-/escalade-3.2.0.tgz 2103ms (cache miss)
1162 http fetch GET 200 https://registry.npmjs.org/ecdsa-sig-formatter/-/ecdsa-sig-formatter-1.0.11.tgz 2103ms (cache miss)
1163 http fetch GET 200 https://registry.npmjs.org/dlv/-/dlv-1.1.3.tgz 2102ms (cache miss)
1164 http fetch GET 200 https://registry.npmjs.org/clsx/-/clsx-2.1.1.tgz 2095ms (cache miss)
1165 http fetch GET 200 https://registry.npmjs.org/braces/-/braces-3.0.3.tgz 2091ms (cache miss)
1166 http fetch GET 200 https://registry.npmjs.org/buffer-equal-constant-time/-/buffer-equal-constant-time-1.0.1.tgz 2093ms (cache miss)
1167 http fetch GET 200 https://registry.npmjs.org/@babel/helper-validator-identifier/-/helper-validator-identifier-7.29.7.tgz 2201ms (cache miss)
1168 http fetch GET 200 https://registry.npmjs.org/data-uri-to-buffer/-/data-uri-to-buffer-4.0.1.tgz 2113ms (cache miss)
1169 http fetch GET 200 https://registry.npmjs.org/cssesc/-/cssesc-3.0.0.tgz 2112ms (cache miss)
1170 http fetch GET 200 https://registry.npmjs.org/content-type/-/content-type-1.0.5.tgz 2110ms (cache miss)
1171 http fetch GET 200 https://registry.npmjs.org/binary-extensions/-/binary-extensions-2.3.0.tgz 2103ms (cache miss)
1172 http fetch GET 200 https://registry.npmjs.org/base64-js/-/base64-js-1.5.1.tgz 2102ms (cache miss)
1173 http fetch GET 200 https://registry.npmjs.org/arg/-/arg-5.0.2.tgz 2098ms (cache miss)
1174 http fetch GET 200 https://registry.npmjs.org/long/-/long-5.3.2.tgz 2154ms (cache miss)
1175 http fetch GET 200 https://registry.npmjs.org/detect-libc/-/detect-libc-2.1.2.tgz 2125ms (cache miss)
1176 http fetch GET 200 https://registry.npmjs.org/@types/range-parser/-/range-parser-1.2.7.tgz 2102ms (cache miss)
1177 http fetch GET 200 https://registry.npmjs.org/append-field/-/append-field-1.0.0.tgz 2107ms (cache miss)
1178 http fetch GET 200 https://registry.npmjs.org/anymatch/-/anymatch-3.1.3.tgz 2107ms (cache miss)
1179 http fetch GET 200 https://registry.npmjs.org/any-promise/-/any-promise-1.3.0.tgz 2106ms (cache miss)
1180 http fetch GET 200 https://registry.npmjs.org/@types/serve-static/-/serve-static-2.2.0.tgz 2106ms (cache miss)
1181 http fetch GET 200 https://registry.npmjs.org/@types/retry/-/retry-0.12.0.tgz 2107ms (cache miss)
1182 http fetch GET 200 https://registry.npmjs.org/@types/geojson/-/geojson-7946.0.16.tgz 2107ms (cache miss)
1183 http fetch GET 200 https://registry.npmjs.org/google-logging-utils/-/google-logging-utils-1.1.3.tgz 2154ms (cache miss)
1184 http fetch GET 200 https://registry.npmjs.org/fastq/-/fastq-1.20.1.tgz 2146ms (cache miss)
1185 http fetch GET 200 https://registry.npmjs.org/commander/-/commander-4.1.1.tgz 2134ms (cache miss)
1186 http fetch GET 200 https://registry.npmjs.org/chokidar/-/chokidar-3.6.0.tgz 2134ms (cache miss)
1187 http fetch GET 200 https://registry.npmjs.org/camelcase-css/-/camelcase-css-2.0.1.tgz 2133ms (cache miss)
1188 http fetch GET 200 https://registry.npmjs.org/agent-base/-/agent-base-7.1.4.tgz 2123ms (cache miss)
1189 http fetch GET 200 https://registry.npmjs.org/@types/send/-/send-1.2.1.tgz 2121ms (cache miss)
1190 http fetch GET 200 https://registry.npmjs.org/@types/leaflet/-/leaflet-1.9.22.tgz 2119ms (cache miss)
1191 http fetch GET 200 https://registry.npmjs.org/@types/cors/-/cors-2.8.19.tgz 2113ms (cache miss)
1192 http fetch GET 200 https://registry.npmjs.org/@types/body-parser/-/body-parser-1.19.6.tgz 2112ms (cache miss)
1193 http fetch GET 200 https://registry.npmjs.org/@types/express/-/express-5.0.6.tgz 2123ms (cache miss)
1194 http fetch GET 200 https://registry.npmjs.org/@types/http-errors/-/http-errors-2.0.5.tgz 2128ms (cache miss)
1195 http fetch GET 200 https://registry.npmjs.org/@types/express-serve-static-core/-/express-serve-static-core-5.1.3.tgz 2127ms (cache miss)
1196 http fetch GET 200 https://registry.npmjs.org/@protobufjs/pool/-/pool-1.1.0.tgz 2119ms (cache miss)
1197 http fetch GET 200 https://registry.npmjs.org/@protobufjs/path/-/path-1.1.2.tgz 2118ms (cache miss)
1198 http fetch GET 200 https://registry.npmjs.org/@protobufjs/fetch/-/fetch-1.1.1.tgz 2117ms (cache miss)
1199 http fetch GET 200 https://registry.npmjs.org/@protobufjs/codegen/-/codegen-2.0.5.tgz 2116ms (cache miss)
1200 http fetch GET 200 https://registry.npmjs.org/@types/connect/-/connect-3.4.38.tgz 2131ms (cache miss)
1201 http fetch GET 200 https://registry.npmjs.org/@rolldown/pluginutils/-/pluginutils-1.0.1.tgz 2129ms (cache miss)
1202 http fetch GET 200 https://registry.npmjs.org/@protobufjs/eventemitter/-/eventemitter-1.1.1.tgz 2125ms (cache miss)
1203 http fetch GET 200 https://registry.npmjs.org/@types/qs/-/qs-6.15.1.tgz 2151ms (cache miss)
1204 http fetch GET 200 https://registry.npmjs.org/@protobufjs/float/-/float-1.0.2.tgz 2139ms (cache miss)
1205 http fetch GET 200 https://registry.npmjs.org/@protobufjs/base64/-/base64-1.1.2.tgz 2133ms (cache miss)
1206 http fetch GET 200 https://registry.npmjs.org/@jridgewell/resolve-uri/-/resolve-uri-3.1.2.tgz 2131ms (cache miss)
1207 http fetch GET 200 https://registry.npmjs.org/@protobufjs/aspromise/-/aspromise-1.1.2.tgz 2146ms (cache miss)
1208 http fetch GET 200 https://registry.npmjs.org/@nodelib/fs.walk/-/fs.walk-1.2.8.tgz 2144ms (cache miss)
1209 http fetch GET 200 https://registry.npmjs.org/@react-leaflet/core/-/core-3.0.0.tgz 2157ms (cache miss)
1210 http fetch GET 200 https://registry.npmjs.org/safe-buffer/-/safe-buffer-5.1.2.tgz 2135ms (cache miss)
1211 http fetch GET 200 https://registry.npmjs.org/baseline-browser-mapping/-/baseline-browser-mapping-2.11.12.tgz 2185ms (cache miss)
1212 http fetch GET 200 https://registry.npmjs.org/@oxc-project/types/-/types-0.143.0.tgz 2153ms (cache miss)
1213 http fetch GET 200 https://registry.npmjs.org/@alloc/quick-lru/-/quick-lru-5.2.0.tgz 2145ms (cache miss)
1214 http fetch GET 200 https://registry.npmjs.org/@rolldown/pluginutils/-/pluginutils-1.0.0-beta.27.tgz 2106ms (cache miss)
1215 http fetch GET 200 https://registry.npmjs.org/minimist/-/minimist-1.2.8.tgz 2377ms (cache miss)
1216 http fetch GET 200 https://registry.npmjs.org/browserslist/-/browserslist-4.28.7.tgz 2199ms (cache miss)
1217 http fetch GET 200 https://registry.npmjs.org/@protobufjs/utf8/-/utf8-1.1.2.tgz 2176ms (cache miss)
1218 http fetch GET 200 https://registry.npmjs.org/ms/-/ms-2.0.0.tgz 2130ms (cache miss)
1219 http fetch GET 200 https://registry.npmjs.org/cookie/-/cookie-1.1.1.tgz 2113ms (cache miss)
1220 http fetch GET 200 https://registry.npmjs.org/glob-parent/-/glob-parent-5.1.2.tgz 2112ms (cache miss)
1221 http fetch GET 200 https://registry.npmjs.org/electron-to-chromium/-/electron-to-chromium-1.5.402.tgz 2226ms (cache miss)
1222 http fetch GET 200 https://registry.npmjs.org/@types/react-dom/-/react-dom-19.2.4.tgz 2202ms (cache miss)
1223 http fetch GET 200 https://registry.npmjs.org/safe-buffer/-/safe-buffer-5.1.2.tgz 2169ms (cache miss)
1224 http fetch GET 200 https://registry.npmjs.org/ms/-/ms-2.0.0.tgz 2151ms (cache miss)
1225 http fetch GET 200 https://registry.npmjs.org/ms/-/ms-2.0.0.tgz 2149ms (cache miss)
1226 http fetch GET 200 https://registry.npmjs.org/ms/-/ms-2.0.0.tgz 2130ms (cache miss)
1227 http fetch GET 200 https://registry.npmjs.org/express/-/express-4.22.2.tgz 2307ms (cache miss)
1228 http fetch GET 200 https://registry.npmjs.org/node-fetch/-/node-fetch-3.3.2.tgz 2267ms (cache miss)
1229 http fetch GET 200 https://registry.npmjs.org/@jridgewell/remapping/-/remapping-2.3.5.tgz 2325ms (cache miss)
1230 http fetch GET 200 https://registry.npmjs.org/glob-parent/-/glob-parent-5.1.2.tgz 2139ms (cache miss)
1231 http fetch GET 200 https://registry.npmjs.org/picomatch/-/picomatch-2.3.2.tgz 2145ms (cache miss)
1232 http fetch GET 200 https://registry.npmjs.org/picomatch/-/picomatch-2.3.2.tgz 2147ms (cache miss)
1233 http fetch GET 200 https://registry.npmjs.org/picomatch/-/picomatch-2.3.2.tgz 2148ms (cache miss)
1234 http fetch GET 200 https://registry.npmjs.org/@babel/helper-module-transforms/-/helper-module-transforms-7.29.7.tgz 2335ms (cache miss)
1235 http fetch GET 200 https://registry.npmjs.org/source-map-js/-/source-map-js-1.2.1.tgz 2318ms (cache miss)
1236 http fetch GET 200 https://registry.npmjs.org/fraction.js/-/fraction.js-5.3.4.tgz 2268ms (cache miss)
1237 http fetch GET 200 https://registry.npmjs.org/@nodelib/fs.stat/-/fs.stat-2.0.5.tgz 2213ms (cache miss)
1238 http fetch GET 200 https://registry.npmjs.org/json5/-/json5-2.2.3.tgz 2353ms (cache miss)
1239 http fetch GET 200 https://registry.npmjs.org/debug/-/debug-2.6.9.tgz 2174ms (cache miss)
1240 http fetch GET 200 https://registry.npmjs.org/debug/-/debug-2.6.9.tgz 2211ms (cache miss)
1241 http fetch GET 200 https://registry.npmjs.org/debug/-/debug-2.6.9.tgz 2189ms (cache miss)
1242 http fetch GET 200 https://registry.npmjs.org/readable-stream/-/readable-stream-2.3.8.tgz 2442ms (cache miss)
1243 http fetch GET 200 https://registry.npmjs.org/ws/-/ws-8.21.3.tgz 2345ms (cache miss)
1244 http fetch GET 200 https://registry.npmjs.org/debug/-/debug-2.6.9.tgz 2183ms (cache miss)
1245 http fetch GET 200 https://registry.npmjs.org/undici-types/-/undici-types-6.21.0.tgz 2373ms (cache miss)
1246 http fetch GET 200 https://registry.npmjs.org/@nodelib/fs.scandir/-/fs.scandir-2.1.5.tgz 2253ms (cache miss)
1247 http fetch GET 200 https://registry.npmjs.org/react/-/react-19.2.8.tgz 2351ms (cache miss)
1248 warn deprecated node-domexception@1.0.0: Use your platform's native DOMException instead
1249 http fetch GET 200 https://registry.npmjs.org/bignumber.js/-/bignumber.js-9.3.1.tgz 2299ms (cache miss)
1250 http fetch GET 200 https://registry.npmjs.org/busboy/-/busboy-1.6.0.tgz 2306ms (cache miss)
1251 http fetch GET 200 https://registry.npmjs.org/react-leaflet/-/react-leaflet-5.0.0.tgz 2381ms (cache miss)
1252 http fetch GET 200 https://registry.npmjs.org/object-inspect/-/object-inspect-1.13.4.tgz 2514ms (cache miss)
1253 http fetch GET 200 https://registry.npmjs.org/lightningcss/-/lightningcss-1.33.0.tgz 2363ms (cache miss)
1254 http fetch GET 200 https://registry.npmjs.org/@jridgewell/sourcemap-codec/-/sourcemap-codec-1.5.5.tgz 2294ms (cache miss)
1255 http fetch GET 200 https://registry.npmjs.org/qs/-/qs-6.15.3.tgz 2503ms (cache miss)
1256 http fetch GET 200 https://registry.npmjs.org/postcss-selector-parser/-/postcss-selector-parser-6.1.4.tgz 2408ms (cache miss)
1257 http fetch GET 200 https://registry.npmjs.org/@types/react/-/react-19.2.18.tgz 2343ms (cache miss)
1258 http fetch GET 200 https://registry.npmjs.org/@jridgewell/gen-mapping/-/gen-mapping-0.3.13.tgz 2322ms (cache miss)
1259 http fetch GET 200 https://registry.npmjs.org/postcss/-/postcss-8.5.26.tgz 2485ms (cache miss)
1260 http fetch GET 200 https://registry.npmjs.org/@jridgewell/trace-mapping/-/trace-mapping-0.3.31.tgz 2414ms (cache miss)
1261 http fetch GET 200 https://registry.npmjs.org/motion-utils/-/motion-utils-12.39.0.tgz 2627ms (cache miss)
1262 http fetch GET 200 https://registry.npmjs.org/fast-glob/-/fast-glob-3.3.3.tgz 2478ms (cache miss)
1263 http fetch GET 200 https://registry.npmjs.org/csstype/-/csstype-3.2.3.tgz 2487ms (cache miss)
1264 http fetch GET 200 https://registry.npmjs.org/iconv-lite/-/iconv-lite-0.4.24.tgz 2650ms (cache miss)
1265 http fetch GET 200 https://registry.npmjs.org/@babel/generator/-/generator-7.29.8.tgz 2602ms (cache miss)
1266 http fetch GET 200 https://registry.npmjs.org/autoprefixer/-/autoprefixer-10.5.4.tgz 2538ms (cache miss)
1267 http fetch GET 200 https://registry.npmjs.org/tailwind-merge/-/tailwind-merge-3.6.0.tgz 2626ms (cache miss)
1268 http fetch GET 200 https://registry.npmjs.org/rolldown/-/rolldown-1.2.3.tgz 2640ms (cache miss)
1269 http fetch GET 200 https://registry.npmjs.org/jiti/-/jiti-1.21.7.tgz 2648ms (cache miss)
1270 http fetch GET 200 https://registry.npmjs.org/@babel/parser/-/parser-7.29.8.tgz 2721ms (cache miss)
1271 http fetch GET 200 https://registry.npmjs.org/@babel/traverse/-/traverse-7.29.8.tgz 2735ms (cache miss)
1272 http fetch GET 200 https://registry.npmjs.org/google-auth-library/-/google-auth-library-10.9.1.tgz 2683ms (cache miss)
1273 http fetch GET 200 https://registry.npmjs.org/gaxios/-/gaxios-7.3.0.tgz 2723ms (cache miss)
1274 http fetch GET 200 https://registry.npmjs.org/vite/-/vite-8.2.1.tgz 2826ms (cache miss)
1275 http fetch GET 200 https://registry.npmjs.org/resolve/-/resolve-1.22.12.tgz 2818ms (cache miss)
1276 http fetch GET 200 https://registry.npmjs.org/@babel/core/-/core-7.29.7.tgz 2964ms (cache miss)
1277 http fetch GET 200 https://registry.npmjs.org/@types/node/-/node-22.20.1.tgz 2982ms (cache miss)
1278 http fetch GET 200 https://registry.npmjs.org/protobufjs/-/protobufjs-7.6.5.tgz 3023ms (cache miss)
1279 http fetch GET 200 https://registry.npmjs.org/@babel/helpers/-/helpers-7.29.7.tgz 3090ms (cache miss)
1280 http fetch GET 200 https://registry.npmjs.org/sucrase/-/sucrase-3.35.1.tgz 3082ms (cache miss)
1281 http fetch GET 200 https://registry.npmjs.org/yaml/-/yaml-2.9.0.tgz 3115ms (cache miss)
1282 http fetch GET 200 https://registry.npmjs.org/leaflet/-/leaflet-1.9.4.tgz 3149ms (cache miss)
1283 http fetch GET 200 https://registry.npmjs.org/@babel/types/-/types-7.29.8.tgz 3214ms (cache miss)
1284 http fetch GET 200 https://registry.npmjs.org/react-dom/-/react-dom-19.2.8.tgz 3282ms (cache miss)
1285 http fetch GET 200 https://registry.npmjs.org/react-router/-/react-router-7.18.2.tgz 3306ms (cache miss)
1286 http fetch GET 200 https://registry.npmjs.org/web-streams-polyfill/-/web-streams-polyfill-3.3.3.tgz 3455ms (cache miss)
1287 http fetch GET 200 https://registry.npmjs.org/tailwindcss/-/tailwindcss-3.4.17.tgz 3501ms (cache miss)
1288 http fetch GET 200 https://registry.npmjs.org/lightningcss-linux-x64-musl/-/lightningcss-linux-x64-musl-1.33.0.tgz 3487ms (cache miss)
1289 http fetch GET 200 https://registry.npmjs.org/lightningcss-linux-x64-gnu/-/lightningcss-linux-x64-gnu-1.33.0.tgz 3489ms (cache miss)
1290 http fetch GET 200 https://registry.npmjs.org/framer-motion/-/framer-motion-12.43.0.tgz 3658ms (cache miss)
1291 http fetch GET 200 https://registry.npmjs.org/motion-dom/-/motion-dom-12.43.0.tgz 3790ms (cache miss)
1292 http fetch GET 200 https://registry.npmjs.org/caniuse-lite/-/caniuse-lite-1.0.30001809.tgz 3631ms (cache miss)
1293 http fetch GET 200 https://registry.npmjs.org/@google/genai/-/genai-2.16.0.tgz 3716ms (cache miss)
1294 http fetch GET 200 https://registry.npmjs.org/@rolldown/binding-linux-x64-musl/-/binding-linux-x64-musl-1.2.3.tgz 3841ms (cache miss)
1295 http fetch GET 200 https://registry.npmjs.org/@rolldown/binding-linux-x64-gnu/-/binding-linux-x64-gnu-1.2.3.tgz 3843ms (cache miss)
1296 http fetch GET 200 https://registry.npmjs.org/typescript/-/typescript-5.9.3.tgz 4013ms (cache miss)
1297 http fetch GET 200 https://registry.npmjs.org/lucide-react/-/lucide-react-0.475.0.tgz 4526ms (cache miss)
1298 info run @google/genai@2.16.0 preinstall node_modules/@google/genai echo 'preinstall: no-op'
1299 info run @google/genai@2.16.0 preinstall { code: 0, signal: null }
1300 info run esbuild@0.28.1 postinstall node_modules/esbuild node install.js
1301 info run esbuild@0.28.1 postinstall { code: 0, signal: null }
1302 info run protobufjs@7.6.5 postinstall node_modules/protobufjs node scripts/postinstall
1303 info run protobufjs@7.6.5 postinstall { code: 0, signal: null }
1304 silly ADD node_modules/media-typer
1305 silly ADD node_modules/dunder-proto
1306 silly ADD node_modules/math-intrinsics
1307 silly ADD node_modules/has-symbols
1308 silly ADD node_modules/gopd
1309 silly ADD node_modules/get-proto
1310 silly ADD node_modules/es-object-atoms
1311 silly ADD node_modules/call-bind-apply-helpers
1312 silly ADD node_modules/get-intrinsic
1313 silly ADD node_modules/call-bound
1314 silly ADD node_modules/side-channel-weakmap
1315 silly ADD node_modules/side-channel-map
1316 silly ADD node_modules/side-channel-list
1317 silly ADD node_modules/object-inspect
1318 silly ADD node_modules/mime
1319 silly ADD node_modules/string_decoder
1320 silly ADD node_modules/string_decoder/node_modules/safe-buffer
1321 silly ADD node_modules/process-nextick-args
1322 silly ADD node_modules/isarray
1323 silly ADD node_modules/core-util-is
1324 silly ADD node_modules/side-channel
1325 silly ADD node_modules/es-define-property
1326 silly ADD node_modules/ee-first
1327 silly ADD node_modules/minimist
1328 silly ADD node_modules/typedarray
1329 silly ADD node_modules/readable-stream
1330 silly ADD node_modules/readable-stream/node_modules/safe-buffer
1331 silly ADD node_modules/buffer-from
1332 silly ADD node_modules/xtend
1333 silly ADD node_modules/mkdirp
1334 silly ADD node_modules/concat-stream
1335 silly ADD node_modules/mime-db
1336 silly ADD node_modules/yallist
1337 silly ADD node_modules/safer-buffer
1338 silly ADD node_modules/toidentifier
1339 silly ADD node_modules/inherits
1340 silly ADD node_modules/motion-utils
1341 silly ADD node_modules/motion-dom
1342 silly ADD node_modules/unpipe
1343 silly ADD node_modules/raw-body
1344 silly ADD node_modules/iconv-lite
1345 silly ADD node_modules/destroy
1346 silly ADD node_modules/bytes
1347 silly ADD node_modules/negotiator
1348 silly ADD node_modules/mime-types
1349 silly ADD node_modules/utils-merge
1350 silly ADD node_modules/type-is
1351 silly ADD node_modules/statuses
1352 silly ADD node_modules/setprototypeof
1353 silly ADD node_modules/serve-static
1354 silly ADD node_modules/send
1355 silly ADD node_modules/send/node_modules/debug
1356 silly ADD node_modules/send/node_modules/debug/node_modules/ms
1357 silly ADD node_modules/range-parser
1358 silly ADD node_modules/qs
1359 silly ADD node_modules/path-to-regexp
1360 silly ADD node_modules/parseurl
1361 silly ADD node_modules/on-finished
1362 silly ADD node_modules/methods
1363 silly ADD node_modules/merge-descriptors
1364 silly ADD node_modules/http-errors
1365 silly ADD node_modules/fresh
1366 silly ADD node_modules/finalhandler
1367 silly ADD node_modules/finalhandler/node_modules/ms
1368 silly ADD node_modules/finalhandler/node_modules/debug
1369 silly ADD node_modules/etag
1370 silly ADD node_modules/escape-html
1371 silly ADD node_modules/encodeurl
1372 silly ADD node_modules/depd
1373 silly ADD node_modules/cookie-signature
1374 silly ADD node_modules/content-disposition
1375 silly ADD node_modules/body-parser
1376 silly ADD node_modules/body-parser/node_modules/ms
1377 silly ADD node_modules/body-parser/node_modules/debug
1378 silly ADD node_modules/array-flatten
1379 silly ADD node_modules/accepts
1380 silly ADD node_modules/@types/babel__traverse
1381 silly ADD node_modules/@types/babel__template
1382 silly ADD node_modules/@types/babel__generator
1383 silly ADD node_modules/@babel/helper-string-parser
1384 silly ADD node_modules/@babel/helper-globals
1385 silly ADD node_modules/@babel/helper-plugin-utils
1386 silly ADD node_modules/@babel/helper-module-imports
1387 silly ADD node_modules/lru-cache
1388 silly ADD node_modules/@babel/helper-validator-option
1389 silly ADD node_modules/@babel/compat-data
1390 silly ADD node_modules/jsesc
1391 silly ADD node_modules/js-tokens
1392 silly ADD node_modules/@babel/helper-validator-identifier
1393 silly ADD node_modules/semver
1394 silly ADD node_modules/json5
1395 silly ADD node_modules/gensync
1396 silly ADD node_modules/convert-source-map
1397 silly ADD node_modules/@jridgewell/remapping
1398 silly ADD node_modules/@babel/types
1399 silly ADD node_modules/@babel/traverse
1400 silly ADD node_modules/@babel/template
1401 silly ADD node_modules/@babel/parser
1402 silly ADD node_modules/@babel/helpers
1403 silly ADD node_modules/@babel/helper-module-transforms
1404 silly ADD node_modules/@babel/helper-compilation-targets
1405 silly ADD node_modules/@babel/generator
1406 silly ADD node_modules/@babel/code-frame
1407 silly ADD node_modules/react-refresh
1408 silly ADD node_modules/@types/babel__core
1409 silly ADD node_modules/@babel/plugin-transform-react-jsx-source
1410 silly ADD node_modules/@babel/plugin-transform-react-jsx-self
1411 silly ADD node_modules/@babel/core
1412 silly ADD node_modules/undici-types
1413 silly ADD node_modules/typescript
1414 silly ADD node_modules/multer
1415 silly ADD node_modules/lucide-react
1416 silly ADD node_modules/framer-motion
1417 silly ADD node_modules/express
1418 silly ADD node_modules/express/node_modules/ms
1419 silly ADD node_modules/express/node_modules/debug
1420 silly ADD node_modules/dotenv
1421 silly ADD node_modules/@vitejs/plugin-react
1422 silly ADD node_modules/@vitejs/plugin-react/node_modules/@rolldown/pluginutils
1423 silly ADD node_modules/@types/node
1424 silly ADD node_modules/@types/multer
1425 silly ADD node_modules/yaml
1426 silly ADD node_modules/ws
1427 silly ADD node_modules/web-streams-polyfill
1428 silly ADD node_modules/vite
1429 silly ADD node_modules/vary
1430 silly ADD node_modules/util-deprecate
1431 silly ADD node_modules/update-browserslist-db
1432 silly ADD node_modules/tsx
1433 silly ADD node_modules/tslib
1434 silly ADD node_modules/ts-interface-checker
1435 silly ADD node_modules/to-regex-range
1436 silly ADD node_modules/tinyglobby
1437 silly ADD node_modules/thenify-all
1438 silly ADD node_modules/thenify
1439 silly ADD node_modules/tailwindcss
1440 silly ADD node_modules/tailwind-merge
1441 silly ADD node_modules/supports-preserve-symlinks-flag
1442 silly ADD node_modules/sucrase
1443 silly ADD node_modules/streamsearch
1444 silly ADD node_modules/source-map-js
1445 silly ADD node_modules/set-cookie-parser
1446 silly ADD node_modules/scheduler
1447 silly ADD node_modules/safe-buffer
1448 silly ADD node_modules/run-parallel
1449 silly ADD node_modules/rolldown
1450 silly ADD node_modules/reusify
1451 silly ADD node_modules/retry
1452 silly ADD node_modules/resolve
1453 silly ADD node_modules/readdirp
1454 silly ADD node_modules/readdirp/node_modules/picomatch
1455 silly ADD node_modules/read-cache
1456 silly ADD node_modules/react-router-dom
1457 silly ADD node_modules/react-router
1458 silly ADD node_modules/react-router/node_modules/cookie
1459 silly ADD node_modules/react-leaflet
1460 silly ADD node_modules/react-dom
1461 silly ADD node_modules/react
1462 silly ADD node_modules/queue-microtask
1463 silly ADD node_modules/proxy-addr
1464 silly ADD node_modules/protobufjs
1465 silly ADD node_modules/postcss-value-parser
1466 silly ADD node_modules/postcss-selector-parser
1467 silly ADD node_modules/postcss-nested
1468 silly ADD node_modules/postcss-load-config
1469 silly ADD node_modules/postcss-js
1470 silly ADD node_modules/postcss-import
1471 silly ADD node_modules/postcss
1472 silly ADD node_modules/pirates
1473 silly ADD node_modules/pify
1474 silly ADD node_modules/picomatch
1475 silly ADD node_modules/picocolors
1476 silly ADD node_modules/path-parse
1477 silly ADD node_modules/p-retry
1478 silly ADD node_modules/object-hash
1479 silly ADD node_modules/object-assign
1480 silly ADD node_modules/normalize-path
1481 silly ADD node_modules/node-releases
1482 silly ADD node_modules/node-fetch
1483 silly ADD node_modules/node-domexception
1484 silly ADD node_modules/nanoid
1485 silly ADD node_modules/mz
1486 silly ADD node_modules/ms
1487 silly ADD node_modules/micromatch
1488 silly ADD node_modules/micromatch/node_modules/picomatch
1489 silly ADD node_modules/merge2
1490 silly ADD node_modules/long
1491 silly ADD node_modules/lines-and-columns
1492 silly ADD node_modules/lilconfig
1493 silly ADD
1494 silly ADD
1495 silly ADD node_modules/lightningcss-linux-x64-musl
1496 silly ADD node_modules/lightningcss-linux-x64-gnu
1497 silly ADD
1498 silly ADD
1499 silly ADD
1500 silly ADD
1501 silly ADD
1502 silly ADD
1503 silly ADD
1504 silly ADD node_modules/lightningcss
1505 silly ADD node_modules/leaflet
1506 silly ADD node_modules/jws
1507 silly ADD node_modules/jwa
1508 silly ADD node_modules/json-bigint
1509 silly ADD node_modules/jiti
1510 silly ADD node_modules/is-number
1511 silly ADD node_modules/is-glob
1512 silly ADD node_modules/is-extglob
1513 silly ADD node_modules/is-core-module
1514 silly ADD node_modules/is-binary-path
1515 silly ADD node_modules/ipaddr.js
1516 silly ADD node_modules/https-proxy-agent
1517 silly ADD node_modules/hasown
1518 silly ADD node_modules/google-logging-utils
1519 silly ADD node_modules/google-auth-library
1520 silly ADD node_modules/glob-parent
1521 silly ADD node_modules/gcp-metadata
1522 silly ADD node_modules/gaxios
1523 silly ADD node_modules/function-bind
1524 silly ADD
1525 silly ADD node_modules/fraction.js
1526 silly ADD node_modules/forwarded
1527 silly ADD node_modules/formdata-polyfill
1528 silly ADD node_modules/fill-range
1529 silly ADD node_modules/fetch-blob
1530 silly ADD node_modules/fdir
1531 silly ADD node_modules/fastq
1532 silly ADD node_modules/fast-glob
1533 silly ADD node_modules/fast-glob/node_modules/glob-parent
1534 silly ADD node_modules/extend
1535 silly ADD node_modules/escalade
1536 silly ADD node_modules/esbuild
1537 silly ADD node_modules/es-errors
1538 silly ADD node_modules/electron-to-chromium
1539 silly ADD node_modules/ecdsa-sig-formatter
1540 silly ADD node_modules/dlv
1541 silly ADD node_modules/didyoumean
1542 silly ADD node_modules/detect-libc
1543 silly ADD node_modules/debug
1544 silly ADD node_modules/data-uri-to-buffer
1545 silly ADD node_modules/csstype
1546 silly ADD node_modules/cssesc
1547 silly ADD node_modules/cors
1548 silly ADD node_modules/cookie
1549 silly ADD node_modules/content-type
1550 silly ADD node_modules/commander
1551 silly ADD node_modules/clsx
1552 silly ADD node_modules/chokidar
1553 silly ADD node_modules/chokidar/node_modules/glob-parent
1554 silly ADD node_modules/caniuse-lite
1555 silly ADD node_modules/camelcase-css
1556 silly ADD node_modules/busboy
1557 silly ADD node_modules/buffer-equal-constant-time
1558 silly ADD node_modules/browserslist
1559 silly ADD node_modules/braces
1560 silly ADD node_modules/binary-extensions
1561 silly ADD node_modules/bignumber.js
1562 silly ADD node_modules/baseline-browser-mapping
1563 silly ADD node_modules/base64-js
1564 silly ADD node_modules/autoprefixer
1565 silly ADD node_modules/arg
1566 silly ADD node_modules/append-field
1567 silly ADD node_modules/anymatch
1568 silly ADD node_modules/anymatch/node_modules/picomatch
1569 silly ADD node_modules/any-promise
1570 silly ADD node_modules/agent-base
1571 silly ADD node_modules/@types/serve-static
1572 silly ADD node_modules/@types/send
1573 silly ADD node_modules/@types/retry
1574 silly ADD node_modules/@types/react-dom
1575 silly ADD node_modules/@types/react
1576 silly ADD node_modules/@types/range-parser
1577 silly ADD node_modules/@types/qs
1578 silly ADD node_modules/@types/leaflet
1579 silly ADD node_modules/@types/http-errors
1580 silly ADD node_modules/@types/geojson
1581 silly ADD node_modules/@types/express-serve-static-core
1582 silly ADD node_modules/@types/express
1583 silly ADD node_modules/@types/cors
1584 silly ADD node_modules/@types/connect
1585 silly ADD node_modules/@types/body-parser
1586 silly ADD node_modules/@rolldown/pluginutils
1587 silly ADD
1588 silly ADD
1589 silly ADD
1590 silly ADD node_modules/@rolldown/binding-linux-x64-musl
1591 silly ADD node_modules/@rolldown/binding-linux-x64-gnu
1592 silly ADD
1593 silly ADD
1594 silly ADD
1595 silly ADD
1596 silly ADD
1597 silly ADD
1598 silly ADD
1599 silly ADD
1600 silly ADD
1601 silly ADD node_modules/@react-leaflet/core
1602 silly ADD node_modules/@protobufjs/utf8
1603 silly ADD node_modules/@protobufjs/pool
1604 silly ADD node_modules/@protobufjs/path
1605 silly ADD node_modules/@protobufjs/float
1606 silly ADD node_modules/@protobufjs/fetch
1607 silly ADD node_modules/@protobufjs/eventemitter
1608 silly ADD node_modules/@protobufjs/codegen
1609 silly ADD node_modules/@protobufjs/base64
1610 silly ADD node_modules/@protobufjs/aspromise
1611 silly ADD node_modules/@oxc-project/types
1612 silly ADD node_modules/@nodelib/fs.walk
1613 silly ADD node_modules/@nodelib/fs.stat
1614 silly ADD node_modules/@nodelib/fs.scandir
1615 silly ADD node_modules/@jridgewell/trace-mapping
1616 silly ADD node_modules/@jridgewell/sourcemap-codec
1617 silly ADD node_modules/@jridgewell/resolve-uri
1618 silly ADD node_modules/@jridgewell/gen-mapping
1619 silly ADD node_modules/@google/genai
1620 silly ADD
1621 silly ADD
1622 silly ADD
1623 silly ADD
1624 silly ADD
1625 silly ADD
1626 silly ADD
1627 silly ADD
1628 silly ADD
1629 silly ADD node_modules/@esbuild/linux-x64
1630 silly ADD
1631 silly ADD
1632 silly ADD
1633 silly ADD
1634 silly ADD
1635 silly ADD
1636 silly ADD
1637 silly ADD
1638 silly ADD
1639 silly ADD
1640 silly ADD
1641 silly ADD
1642 silly ADD
1643 silly ADD
1644 silly ADD
1645 silly ADD
1646 silly ADD node_modules/@alloc/quick-lru
1647 verbose cwd /home/user
1648 verbose os Linux 6.1.158+
1649 verbose node v20.20.2
1650 verbose npm  v10.8.2
1651 verbose exit 0
1652 info ok
